"workerId","batch","bonus","condition","duration","interact","n_data_conds","n_trials","gender","age","education","chart_use","problems","A","B","C","D","abs_err","causal_support","ground_truth","interactions","n","nA","nB","nC","nD","p_immun","payoff","q_idx","response_A","response_B","trial","trial_dur","trial_idx"
"fccb21d5",1,0.25,"icons",1268.90199995041,FALSE,16,16,"man","35-44","Bachelor's degree","Daily","No I did not encounter any issues while completing the experiment. Everything was clearly presented.",60,0,63,0,0.185684167342251,-1.23284331065145,0.225684167342251,"placeholder",1000,189,311,212,288,0,0,11,4,96,"1",152.34299993515,9
"fccb21d5",1,0.25,"icons",1268.90199995041,FALSE,16,16,"man","35-44","Bachelor's degree","Daily","No I did not encounter any issues while completing the experiment. Everything was clearly presented.",225,4,300,7,0.611385642114208,-1.82684663075906,0.138614357885792,"placeholder",5000,1009,1491,1058,1442,0.3,0,1,75,25,"2",144.112999916077,15
"fccb21d5",1,0.25,"icons",1268.90199995041,FALSE,16,16,"man","35-44","Bachelor's degree","Daily","No I did not encounter any issues while completing the experiment. Everything was clearly presented.",19,0,27,0,0.0864689463777549,2.05516969573826,0.886468946377755,"placeholder",500,109,141,89,161,0.4,0,10,80,20,"3",91.5080001354218,8
"fccb21d5",1,0.25,"icons",1268.90199995041,FALSE,16,16,"man","35-44","Bachelor's degree","Daily","No I did not encounter any issues while completing the experiment. Everything was clearly presented.",39,0,61,0,0.368780052023407,3.43498035289272,0.968780052023407,"placeholder",1000,193,307,207,293,0.3,0,13,60,40,"4",55.2200000286102,11
"fccb21d5",1,0.25,"icons",1268.90199995041,FALSE,16,16,"man","35-44","Bachelor's degree","Daily","No I did not encounter any issues while completing the experiment. Everything was clearly presented.",7,0,9,0,0.224115839377066,-0.973839655228844,0.274115839377066,"placeholder",100,14,36,25,25,0.1,0,4,5,95,"5",44.1050000190735,2
"fccb21d5",1,0.25,"icons",1268.90199995041,FALSE,16,16,"man","35-44","Bachelor's degree","Daily","No I did not encounter any issues while completing the experiment. Everything was clearly presented.",259,5,332,8,0.291391986804302,4.74641646647115,0.991391986804302,"placeholder",5000,1014,1486,992,1508,0.1,0,16,70,30,"6",40.0479998588562,14
"fccb21d5",1,0.25,"icons",1268.90199995041,FALSE,16,16,"man","35-44","Bachelor's degree","Daily","No I did not encounter any issues while completing the experiment. Everything was clearly presented.",36,0,37,0,0.077012257823303,-1.53672232307673,0.177012257823303,"placeholder",500,95,155,104,146,0,0,7,10,90,"7",55.9179999828339,5
"fccb21d5",1,0.25,"icons",1268.90199995041,FALSE,16,16,"man","35-44","Bachelor's degree","Daily","No I did not encounter any issues while completing the experiment. Everything was clearly presented.",26,2,35,2,0.081719842636464,-0.935946572961797,0.281719842636464,"placeholder",500,87,163,107,143,0.1,0,8,20,80,"8",76.0390000343323,6
"fccb21d5",1,0.25,"icons",1268.90199995041,FALSE,16,16,"man","35-44","Bachelor's degree","Daily","No I did not encounter any issues while completing the experiment. Everything was clearly presented.",4,0,5,0,0.462206016114231,0.0488337667831544,0.512206016114231,"placeholder",100,19,31,18,32,0.4,0,6,5,95,"9",89.595999956131,4
"fccb21d5",1,0.25,"icons",1268.90199995041,FALSE,16,16,"man","35-44","Bachelor's degree","Daily","No I did not encounter any issues while completing the experiment. Everything was clearly presented.",34,1,69,1,0.0487313326312481,6.66851877256346,0.998731332631248,"placeholder",1000,208,292,211,289,0.4,0.25,14,95,5,"10",38.4660000801086,12
"fccb21d5",1,0.25,"icons",1268.90199995041,FALSE,16,16,"man","35-44","Bachelor's degree","Daily","No I did not encounter any issues while completing the experiment. Everything was clearly presented.",7,0,6,0,0.1874219815603,-0.353318116353549,0.4125780184397,"placeholder",100,30,20,22,28,0.3,0,5,60,40,"11",58.3249998092651,3
"fccb21d5",1,0.25,"icons",1268.90199995041,FALSE,16,16,"man","35-44","Bachelor's degree","Daily","No I did not encounter any issues while completing the experiment. Everything was clearly presented.",54,2,59,4,0.171801001964712,-0.0872593331708913,0.478198998035288,"placeholder",1000,201,299,199,301,0.1,0,12,65,35,"12",110.362999916077,10
"fccb21d5",1,0.25,"icons",1268.90199995041,FALSE,16,16,"man","35-44","Bachelor's degree","Daily","No I did not encounter any issues while completing the experiment. Everything was clearly presented.",292,8,313,12,0.119058090743459,-0.123925994857473,0.469058090743459,"placeholder",5000,1016,1484,967,1533,0,0,15,35,65,"13",76.1569998264313,13
"fccb21d5",1,0.25,"icons",1268.90199995041,FALSE,16,16,"man","35-44","Bachelor's degree","Daily","No I did not encounter any issues while completing the experiment. Everything was clearly presented.",8,0,1,0,0.220822665143318,-1.26087870495529,0.220822665143318,"placeholder",100,22,28,17,33,0,0,3,0,100,"14",42.1870000362396,1
"fccb21d5",1,0.25,"icons",1268.90199995041,FALSE,16,16,"man","35-44","Bachelor's degree","Daily","No I did not encounter any issues while completing the experiment. Everything was clearly presented.",182,4,259,5,0.299801024311281,8.52212891245495,0.999801024311281,"placeholder",5000,1001,1499,973,1527,0.4,0,2,70,30,"15",33.180999994278,16
"fccb21d5",1,0.25,"icons",1268.90199995041,FALSE,16,16,"man","35-44","Bachelor's degree","Daily","No I did not encounter any issues while completing the experiment. Everything was clearly presented.",22,0,27,1,0.15615696882868,0.592083398627807,0.64384303117132,"placeholder",500,105,145,92,158,0.3,0,9,80,20,"16",22.9530000686646,7
"fccb21d5",1,0.25,"icons",1268.90199995041,FALSE,16,16,"man","35-44","Bachelor's degree","Daily","No I did not encounter any issues while completing the experiment. Everything was clearly presented.",195,1,298,7,0.299999986293564,18.1054003236095,0.999999986293564,"placeholder",5000,1019,1481,979,1521,0.4,0,9,70,30,"practice",80.0260000228882,16
"154f70db",0,0.25,"text",303.578999996185,FALSE,16,16,"man","45-54","Bachelor's degree","Daily","no",51,2,74,1,0.229120192044665,1.5794046970841,0.829120192044665,"placeholder",1000,218,282,214,286,0.3,0,9,60,40,"1",8.24900007247925,11
"154f70db",0,0.25,"text",303.578999996185,FALSE,16,16,"man","45-54","Bachelor's degree","Daily","no",24,1,34,0,0.332537781266302,-0.333199997734454,0.417462218733698,"placeholder",500,103,147,113,137,0.3,0,5,75,25,"2",8.01399993896484,7
"154f70db",0,0.25,"text",303.578999996185,FALSE,16,16,"man","45-54","Bachelor's degree","Daily","no",34,2,22,2,0.187197166104194,-1.63751974495807,0.162802833895806,"placeholder",500,111,139,93,157,0.1,0,4,35,65,"3",19.2149999141693,6
"154f70db",0,0.25,"text",303.578999996185,FALSE,16,16,"man","45-54","Bachelor's degree","Daily","no",59,2,53,2,0.761095373541433,-2.00284416264236,0.118904626458567,"placeholder",1000,201,299,191,309,0,0,7,88,12,"4",12.0220000743866,9
"154f70db",0,0.25,"text",303.578999996185,FALSE,16,16,"man","45-54","Bachelor's degree","Daily","no",21,0,28,0,0.355990061506658,0.781438503361272,0.685990061506658,"placeholder",500,106,144,95,155,0.4,0,6,33,67,"5",7.53199982643127,8
"154f70db",0,0.25,"text",303.578999996185,FALSE,16,16,"man","45-54","Bachelor's degree","Daily","no",179,3,306,10,0.489999999989238,25.2549864110106,0.999999999989238,"placeholder",5000,1015,1485,987,1513,0.4,0,14,51,49,"6",5.51900005340576,16
"154f70db",0,0.25,"text",303.578999996185,FALSE,16,16,"man","45-54","Bachelor's degree","Daily","no",31,0,35,0,0.797413096774979,-2.28245010262975,0.0925869032250215,"placeholder",500,94,156,113,137,0,0,3,89,11,"7",13.4290001392365,5
"154f70db",0,0.25,"text",303.578999996185,FALSE,16,16,"man","45-54","Bachelor's degree","Daily","no",1,0,7,0,0.303253334890455,2.23390719995836,0.903253334890455,"placeholder",100,21,29,26,24,0.1,0,16,60,40,"8",11.4160001277924,2
"154f70db",0,0.25,"text",303.578999996185,FALSE,16,16,"man","45-54","Bachelor's degree","Daily","no",33,0,62,2,0.31131631423066,3.96124412386473,0.98131631423066,"placeholder",1000,193,307,213,287,0.4,0,10,67,33,"9",12.2999999523163,12
"154f70db",0,0.25,"text",303.578999996185,FALSE,16,16,"man","45-54","Bachelor's degree","Daily","no",249,8,318,6,0.0327026006190779,0.252137736697705,0.562702600619078,"placeholder",5000,944,1556,1009,1491,0.1,0.25,12,53,47,"10",7.75499987602234,14
"154f70db",0,0.25,"text",303.578999996185,FALSE,16,16,"man","45-54","Bachelor's degree","Daily","no",311,4,286,6,0.454783866105658,-3.0500310289392,0.0452161338943423,"placeholder",5000,982,1518,938,1562,0,0,11,50,50,"11",4.9229998588562,13
"154f70db",0,0.25,"text",303.578999996185,FALSE,16,16,"man","45-54","Bachelor's degree","Daily","no",7,0,7,0,0.498358241401795,-0.700768973342001,0.331641758598205,"placeholder",100,21,29,23,27,0.4,0,2,83,17,"12",10.1419999599457,4
"154f70db",0,0.25,"text",303.578999996185,FALSE,16,16,"man","45-54","Bachelor's degree","Daily","no",57,0,64,2,0.074746501070263,-1.07345549027167,0.254746501070263,"placeholder",1000,195,305,204,296,0.1,0,8,18,82,"13",8.1489999294281,10
"154f70db",0,0.25,"text",303.578999996185,FALSE,16,16,"man","45-54","Bachelor's degree","Daily","no",5,0,8,1,0.486614640284418,0.878998488304667,0.706614640284418,"placeholder",100,25,25,23,27,0,0,15,22,78,"14",13.3480000495911,1
"154f70db",0,0.25,"text",303.578999996185,FALSE,16,16,"man","45-54","Bachelor's degree","Daily","no",5,0,2,0,0.169961282566333,-1.26544076151309,0.220038717433667,"placeholder",100,18,32,26,24,0.3,0,1,39,61,"15",15.9750001430511,3
"154f70db",0,0.25,"text",303.578999996185,FALSE,16,16,"man","45-54","Bachelor's degree","Daily","no",185,4,296,9,0.499995945382317,12.4156501030739,0.999995945382317,"placeholder",5000,987,1513,1016,1484,0.3,0,13,50,50,"16",6.85700011253357,15
"154f70db",0,0.25,"text",303.578999996185,FALSE,16,16,"man","45-54","Bachelor's degree","Daily","no",170,4,307,7,0.249999999919566,23.2435883690291,0.999999999919566,"placeholder",5000,969,1531,1012,1488,0.4,0,13,75,25,"practice",23.1500000953674,16
"eda43ece",1,0,"icons",383.589999914169,FALSE,16,16,"34","25-34","High school diploma or GED","Monthly or less","I tried my best but I had trouble understanding.",3,0,4,0,0.227729128405151,-0.291122313356606,0.427729128405151,"placeholder",100,17,33,24,26,0.4,0,4,20,80,"1",22.8519999980927,4
"eda43ece",1,0,"icons",383.589999914169,FALSE,16,16,"34","25-34","High school diploma or GED","Monthly or less","I tried my best but I had trouble understanding.",18,1,30,2,0.191542882430163,1.33425070758193,0.791542882430163,"placeholder",500,96,154,95,155,0.4,0,8,60,40,"2",9.09000015258789,8
"eda43ece",1,0,"icons",383.589999914169,FALSE,16,16,"34","25-34","High school diploma or GED","Monthly or less","I tried my best but I had trouble understanding.",29,0,29,0,0.215495638985416,-1.29211145851855,0.215495638985416,"placeholder",500,110,140,106,144,0.1,0,6,0,100,"3",24.1690001487732,6
"eda43ece",1,0,"icons",383.589999914169,FALSE,16,16,"34","25-34","High school diploma or GED","Monthly or less","I tried my best but I had trouble understanding.",259,3,299,3,0.638868670420653,1.64983441898562,0.838868670420653,"placeholder",5000,943,1557,999,1501,0.1,0,14,20,80,"4",10.2409999370575,14
"eda43ece",1,0,"icons",383.589999914169,FALSE,16,16,"34","25-34","High school diploma or GED","Monthly or less","I tried my best but I had trouble understanding.",24,0,32,0,0.229804649126513,0.11936010354168,0.529804649126513,"placeholder",500,93,157,104,146,0.3,0,7,30,70,"5",9.3199999332428,7
"eda43ece",1,0,"icons",383.589999914169,FALSE,16,16,"34","25-34","High school diploma or GED","Monthly or less","I tried my best but I had trouble understanding.",45,0,59,1,0.711538622877751,2.33256792603976,0.911538622877751,"placeholder",1000,221,279,179,321,0.3,0,11,20,80,"6",13.9140000343323,11
"eda43ece",1,0,"icons",383.589999914169,FALSE,16,16,"34","25-34","High school diploma or GED","Monthly or less","I tried my best but I had trouble understanding.",34,2,63,2,0.793267229115546,4.99401296050834,0.993267229115546,"placeholder",1000,190,310,195,305,0.4,0,12,20,80,"7",37.4760000705719,12
"eda43ece",1,0,"icons",383.589999914169,FALSE,16,16,"34","25-34","High school diploma or GED","Monthly or less","I tried my best but I had trouble understanding.",7,0,4,0,0.344954906525431,-1.69556726062358,0.155045093474569,"placeholder",100,16,34,23,27,0,0,1,50,50,"8",29.2850000858307,1
"eda43ece",1,0,"icons",383.589999914169,FALSE,16,16,"34","25-34","High school diploma or GED","Monthly or less","I tried my best but I had trouble understanding.",6,0,4,0,0.065646840610772,-0.688561462742161,0.334353159389228,"placeholder",100,23,27,18,32,0.3,0,3,40,60,"9",4.60899996757507,3
"eda43ece",1,0,"icons",383.589999914169,FALSE,16,16,"34","25-34","High school diploma or GED","Monthly or less","I tried my best but I had trouble understanding.",63,2,52,1,0.067332998823369,-1.60464797179259,0.167332998823369,"placeholder",1000,182,318,203,297,0,0,9,10,90,"10",6.1470000743866,9
"eda43ece",1,0,"icons",383.589999914169,FALSE,16,16,"34","25-34","High school diploma or GED","Monthly or less","I tried my best but I had trouble understanding.",285,12,321,6,0.099745932477368,-1.7365951332506,0.149745932477368,"placeholder",5000,1042,1458,996,1504,0,0,13,5,95,"11",4.41499996185303,13
"eda43ece",1,0,"icons",383.589999914169,FALSE,16,16,"34","25-34","High school diploma or GED","Monthly or less","I tried my best but I had trouble understanding.",52,0,56,2,0.30462391226078,-0.598775402805813,0.35462391226078,"placeholder",1000,199,301,205,295,0.1,0,10,5,95,"12",3.68300008773804,10
"eda43ece",1,0,"icons",383.589999914169,FALSE,16,16,"34","25-34","High school diploma or GED","Monthly or less","I tried my best but I had trouble understanding.",194,4,321,6,0.649999875526238,15.8991707645569,0.999999875526238,"placeholder",5000,986,1514,994,1506,0.3,0,15,35,65,"13",9.60800004005432,15
"eda43ece",1,0,"icons",383.589999914169,FALSE,16,16,"34","25-34","High school diploma or GED","Monthly or less","I tried my best but I had trouble understanding.",171,2,323,5,0.699999999999982,31.6202820431397,0.999999999999982,"placeholder",5000,984,1516,986,1514,0.4,0,16,30,70,"14",6.08399987220764,16
"eda43ece",1,0,"icons",383.589999914169,FALSE,16,16,"34","25-34","High school diploma or GED","Monthly or less","I tried my best but I had trouble understanding.",7,0,4,0,0.064949177209029,-1.29534684298557,0.214949177209029,"placeholder",100,18,32,19,31,0.1,0,2,15,85,"15",13.3159999847412,2
"eda43ece",1,0,"icons",383.589999914169,FALSE,16,16,"34","25-34","High school diploma or GED","Monthly or less","I tried my best but I had trouble understanding.",32,1,29,0,0.363714016321777,-1.84648621531841,0.136285983678223,"placeholder",500,96,154,99,151,0,0,5,50,50,"16",4.13199996948242,5
"eda43ece",1,0,"icons",383.589999914169,FALSE,16,16,"34","25-34","High school diploma or GED","Monthly or less","I tried my best but I had trouble understanding.",190,1,299,4,0.593523521511858,5.03308081765613,0.993523521511858,"placeholder",5000,944,1556,997,1503,0.4,0,1,40,60,"practice",73.683000087738,16
"5d29ad58",0,0.5,"text",406.451999902725,FALSE,16,16,"Female","45-54","Some college, no degree","Monthly or less",NA,170,4,307,7,0.349999999919566,23.2435883690291,0.999999999919566,"placeholder",5000,969,1531,1012,1488,0.4,0,13,65,35,"1",28.7109999656677,16
"5d29ad58",0,0.5,"text",406.451999902725,FALSE,16,16,"Female","45-54","Some college, no degree","Monthly or less",NA,65,1,62,0,0.302906968093893,-2.2299499120586,0.0970930319061074,"placeholder",1000,205,295,201,299,0,0,6,40,60,"2",11.5039999485016,9
"5d29ad58",0,0.5,"text",406.451999902725,FALSE,16,16,"Female","45-54","Some college, no degree","Monthly or less",NA,29,1,58,1,0.170306392526192,3.48668010413533,0.970306392526192,"placeholder",1000,184,316,192,308,0.4,0,9,80,20,"3",59.305999994278,12
"5d29ad58",0,0.5,"text",406.451999902725,FALSE,16,16,"Female","45-54","Some college, no degree","Monthly or less",NA,21,0,30,1,0.0240453651739591,0.506754582273715,0.624045365173959,"placeholder",500,92,158,95,155,0.4,0.25,5,60,40,"4",8.77600002288818,8
"5d29ad58",0,0.5,"text",406.451999902725,FALSE,16,16,"Female","45-54","Some college, no degree","Monthly or less",NA,41,1,59,0,0.272257399497606,1.22110186744047,0.772257399497606,"placeholder",1000,182,318,203,297,0.3,0,8,50,50,"5",13.6550002098083,11
"5d29ad58",0,0.5,"text",406.451999902725,FALSE,16,16,"Female","45-54","Some college, no degree","Monthly or less",NA,52,0,55,0,0.278654314012183,-1.25784152186304,0.221345685987817,"placeholder",1000,193,307,196,304,0.1,0,7,50,50,"6",9.29699993133545,10
"5d29ad58",0,0.5,"text",406.451999902725,FALSE,16,16,"Female","45-54","Some college, no degree","Monthly or less",NA,34,0,29,0,0.169820381857325,-1.89937155786066,0.130179618142675,"placeholder",500,104,146,100,150,0.1,0,3,30,70,"7",13.8899998664856,6
"5d29ad58",0,0.5,"text",406.451999902725,FALSE,16,16,"Female","45-54","Some college, no degree","Monthly or less",NA,0,0,5,0,0.954210539549971,3.03683039499192,0.954210539549971,"placeholder",100,20,30,22,28,0.3,0,16,0,100,"8",46.606999874115,3
"5d29ad58",0,0.5,"text",406.451999902725,FALSE,16,16,"Female","45-54","Some college, no degree","Monthly or less",NA,3,0,7,0,0.622504815630452,1.22250917201771,0.772504815630452,"placeholder",100,23,27,20,30,0.1,0,15,15,85,"9",9.68099999427795,2
"5d29ad58",0,0.5,"text",406.451999902725,FALSE,16,16,"Female","45-54","Some college, no degree","Monthly or less",NA,284,8,343,3,0.779126009489149,-3.84815643589241,0.0208739905108512,"placeholder",5000,972,1528,1040,1460,0,0,10,80,20,"10",17.1879999637604,13
"5d29ad58",0,0.5,"text",406.451999902725,FALSE,16,16,"Female","45-54","Some college, no degree","Monthly or less",NA,22,0,29,0,0.039843465570517,-0.574684806587911,0.360156534429483,"placeholder",500,97,153,117,133,0.3,0.25,4,40,60,"11",11.5839998722076,7
"5d29ad58",0,0.5,"text",406.451999902725,FALSE,16,16,"Female","45-54","Some college, no degree","Monthly or less",NA,6,0,4,0,0.533786111402701,-1.01391750664658,0.266213888597299,"placeholder",100,19,31,20,30,0.4,0,1,80,20,"12",12.0809998512268,4
"5d29ad58",0,0.5,"text",406.451999902725,FALSE,16,16,"Female","45-54","Some college, no degree","Monthly or less",NA,281,7,323,3,0.154636388630964,-0.386183472449602,0.404636388630964,"placeholder",5000,1020,1480,1022,1478,0.1,0,11,25,75,"13",12.0490000247955,14
"5d29ad58",0,0.5,"text",406.451999902725,FALSE,16,16,"Female","45-54","Some college, no degree","Monthly or less",NA,212,4,309,2,0.799987170641141,11.2637615231188,0.999987170641141,"placeholder",5000,1000,1500,1026,1474,0.3,0,12,20,80,"14",9.71800017356873,15
"5d29ad58",0,0.5,"text",406.451999902725,FALSE,16,16,"Female","45-54","Some college, no degree","Monthly or less",NA,29,0,34,0,0.283380286039596,-2.639812173544,0.0666197139604037,"placeholder",500,89,161,94,156,0,0,2,35,65,"15",12.2539999485016,5
"5d29ad58",0,0.5,"text",406.451999902725,FALSE,16,16,"Female","45-54","Some college, no degree","Monthly or less",NA,5,0,7,0,0.418837696392951,0.484617757247673,0.618837696392951,"placeholder",100,24,26,20,30,0,0,14,20,80,"16",8.58200001716614,1
"5d29ad58",0,0.5,"text",406.451999902725,FALSE,16,16,"Female","45-54","Some college, no degree","Monthly or less",NA,181,4,322,7,0.79999999999907,27.703474620117,0.99999999999907,"placeholder",5000,965,1535,967,1533,0.4,0,15,20,80,"practice",66.808000087738,16
"54ee2dfb",0,1,"text",287.30999994278,FALSE,16,16,"man","25-34","Bachelor's degree","Weekly","No bugs at all no confusing issues.",198,1,262,5,0.898841226307705,6.75923354927886,0.998841226307705,"placeholder",5000,986,1514,957,1543,0.3,0,7,10,90,"1",37.7950000762939,15
"54ee2dfb",0,1,"text",287.30999994278,FALSE,16,16,"man","25-34","Bachelor's degree","Weekly","No bugs at all no confusing issues.",317,8,291,6,0.0497114303188735,-8.15028536081945,0.000288569681126522,"placeholder",5000,999,1501,1005,1495,0,0.25,5,5,95,"2",25.2809998989105,13
"54ee2dfb",0,1,"text",287.30999994278,FALSE,16,16,"man","25-34","Bachelor's degree","Weekly","No bugs at all no confusing issues.",24,2,34,0,0.330803118755934,0.53566374394623,0.630803118755934,"placeholder",500,101,149,106,144,0.1,0,14,30,70,"3",15.7860000133514,6
"54ee2dfb",0,1,"text",287.30999994278,FALSE,16,16,"man","25-34","Bachelor's degree","Weekly","No bugs at all no confusing issues.",71,0,63,2,0.0018988357075931,-2.9851523816497,0.0481011642924069,"placeholder",1000,221,279,209,291,0.1,0.25,2,5,95,"4",10.1159999370575,10
"54ee2dfb",0,1,"text",287.30999994278,FALSE,16,16,"man","25-34","Bachelor's degree","Weekly","No bugs at all no confusing issues.",3,0,6,0,0.207700455784431,0.653063379304278,0.657700455784431,"placeholder",100,19,31,21,29,0.3,0,11,45,55,"5",7.3970000743866,3
"54ee2dfb",0,1,"text",287.30999994278,FALSE,16,16,"man","25-34","Bachelor's degree","Weekly","No bugs at all no confusing issues.",5,1,7,0,0.221222128787398,-0.526977435078443,0.371222128787398,"placeholder",100,16,34,22,28,0,0,9,15,85,"6",6.57699990272522,1
"54ee2dfb",0,1,"text",287.30999994278,FALSE,16,16,"man","25-34","Bachelor's degree","Weekly","No bugs at all no confusing issues.",5,0,11,0,0.121722902341082,1.27573498710158,0.781722902341082,"placeholder",100,19,31,21,29,0.4,0,12,66,34,"7",12.8409998416901,4
"54ee2dfb",0,1,"text",287.30999994278,FALSE,16,16,"man","25-34","Bachelor's degree","Weekly","No bugs at all no confusing issues.",62,1,61,0,0.00781186346682086,-4.84426920756994,0.00781186346682086,"placeholder",1000,182,318,202,298,0,0.25,1,0,100,"8",18.7490000724792,9
"54ee2dfb",0,1,"text",287.30999994278,FALSE,16,16,"man","25-34","Bachelor's degree","Weekly","No bugs at all no confusing issues.",190,7,304,7,0.299999954222926,16.8994823812072,0.999999954222926,"placeholder",5000,984,1516,980,1520,0.4,0,8,70,30,"9",17.5579998493195,16
"54ee2dfb",0,1,"text",287.30999994278,FALSE,16,16,"man","25-34","Bachelor's degree","Weekly","No bugs at all no confusing issues.",45,0,51,1,0.192907895934703,-0.588007729733107,0.357092104065297,"placeholder",1000,186,314,196,304,0.3,0,3,55,45,"10",4.27699995040894,11
"54ee2dfb",0,1,"text",287.30999994278,FALSE,16,16,"man","25-34","Bachelor's degree","Weekly","No bugs at all no confusing issues.",259,4,293,5,0.024748141791505,-3.65327937608799,0.025251858208495,"placeholder",5000,970,1530,965,1535,0.1,0.25,6,5,95,"11",8.25999999046326,14
"54ee2dfb",0,1,"text",287.30999994278,FALSE,16,16,"man","25-34","Bachelor's degree","Weekly","No bugs at all no confusing issues.",13,0,24,2,0.364318259710547,3.29678230360167,0.964318259710547,"placeholder",500,113,137,95,155,0.3,0,15,60,40,"12",10.9920001029968,7
"54ee2dfb",0,1,"text",287.30999994278,FALSE,16,16,"man","25-34","Bachelor's degree","Weekly","No bugs at all no confusing issues.",23,0,33,1,0.348670520964733,-0.537924531990598,0.368670520964733,"placeholder",500,86,164,110,140,0,0,13,2,98,"13",7.77600002288818,5
"54ee2dfb",0,1,"text",287.30999994278,FALSE,16,16,"man","25-34","Bachelor's degree","Weekly","No bugs at all no confusing issues.",8,0,8,0,0.463183897923095,-0.14753141865814,0.463183897923095,"placeholder",100,24,26,21,29,0.1,0,10,0,100,"14",7.89800000190735,2
"54ee2dfb",0,1,"text",287.30999994278,FALSE,16,16,"man","25-34","Bachelor's degree","Weekly","No bugs at all no confusing issues.",11,0,34,0,0.299135417049296,7.05239834829422,0.999135417049296,"placeholder",500,103,147,109,141,0.4,0,16,70,30,"15",5.58100008964539,8
"54ee2dfb",0,1,"text",287.30999994278,FALSE,16,16,"man","25-34","Bachelor's degree","Weekly","No bugs at all no confusing issues.",39,2,58,0,0.174015227424617,1.23112392805416,0.774015227424617,"placeholder",1000,185,315,177,323,0.4,0,4,60,40,"16",5.48200011253357,12
"54ee2dfb",0,1,"text",287.30999994278,FALSE,16,16,"man","25-34","Bachelor's degree","Weekly","No bugs at all no confusing issues.",170,4,307,7,0.199999999919566,23.2435883690291,0.999999999919566,"placeholder",5000,969,1531,1012,1488,0.4,0,13,80,20,"practice",19.9760000705719,16
"a8a65f68",1,1.25,"icons",269.077000141144,FALSE,16,16,"male","25-34","Bachelor's degree","Weekly","no issues",26,0,30,0,0.479089411751921,-2.18714762653241,0.100910588248079,"placeholder",500,103,147,96,154,0.1,0,2,58,42,"1",24.0429999828339,6
"a8a65f68",1,1.25,"icons",269.077000141144,FALSE,16,16,"male","25-34","Bachelor's degree","Weekly","no issues",177,2,305,3,0.379999999640232,21.7455616404959,0.999999999640232,"placeholder",5000,967,1533,1005,1495,0.4,0,12,62,38,"2",14.8650000095367,16
"a8a65f68",1,1.25,"icons",269.077000141144,FALSE,16,16,"male","25-34","Bachelor's degree","Weekly","no issues",6,0,7,0,0.369129224507655,0.15683760056077,0.539129224507655,"placeholder",100,23,27,19,31,0,0,13,17,83,"3",11.2339999675751,1
"a8a65f68",1,1.25,"icons",269.077000141144,FALSE,16,16,"male","25-34","Bachelor's degree","Weekly","no issues",42,0,36,1,0.0109387010542747,-3.20277844027729,0.0390612989457253,"placeholder",500,103,147,105,145,0,0.25,1,5,95,"4",12.5490000247955,5
"a8a65f68",1,1.25,"icons",269.077000141144,FALSE,16,16,"male","25-34","Bachelor's degree","Weekly","no issues",19,0,27,0,0.298192385654289,-0.838704913142351,0.301807614345711,"placeholder",500,97,153,108,142,0.3,0,3,60,40,"5",6.75,7
"a8a65f68",1,1.25,"icons",269.077000141144,FALSE,16,16,"male","25-34","Bachelor's degree","Weekly","no issues",51,1,48,2,0.10591573460497,-1.47677034948455,0.18591573460497,"placeholder",1000,211,289,197,303,0.1,0,6,8,92,"6",6.4980001449585,10
"a8a65f68",1,1.25,"icons",269.077000141144,FALSE,16,16,"male","25-34","Bachelor's degree","Weekly","no issues",207,4,308,12,0.869968817650688,10.3756271675866,0.999968817650688,"placeholder",5000,992,1508,982,1518,0.3,0,11,13,87,"7",7.12600016593933,15
"a8a65f68",1,1.25,"icons",269.077000141144,FALSE,16,16,"male","25-34","Bachelor's degree","Weekly","no issues",5,0,8,0,0.00776400435305191,0.764066650066813,0.682235995646948,"placeholder",100,21,29,18,32,0.1,0.25,14,69,31,"8",9.96700000762939,2
"a8a65f68",1,1.25,"icons",269.077000141144,FALSE,16,16,"male","25-34","Bachelor's degree","Weekly","no issues",37,0,58,0,0.058535813868393,0.854279939875681,0.701464186131607,"placeholder",1000,198,302,203,297,0.3,0,7,76,24,"9",6.90000009536743,11
"a8a65f68",1,1.25,"icons",269.077000141144,FALSE,16,16,"male","25-34","Bachelor's degree","Weekly","no issues",2,0,5,1,0.267557253686162,2.06602886001937,0.887557253686162,"placeholder",100,21,29,14,36,0.3,0,15,62,38,"10",11.2059998512268,3
"a8a65f68",1,1.25,"icons",269.077000141144,FALSE,16,16,"male","25-34","Bachelor's degree","Weekly","no issues",315,6,307,5,0.0399191428375099,-4.58698497090245,0.0100808571624901,"placeholder",5000,1006,1494,1012,1488,0,0.25,9,5,95,"11",7.48199987411499,13
"a8a65f68",1,1.25,"icons",269.077000141144,FALSE,16,16,"male","25-34","Bachelor's degree","Weekly","no issues",242,6,318,6,0.590120605268466,-0.945059928024193,0.279879394731534,"placeholder",5000,955,1545,1018,1482,0.1,0,10,87,13,"12",12.3689999580383,14
"a8a65f68",1,1.25,"icons",269.077000141144,FALSE,16,16,"male","25-34","Bachelor's degree","Weekly","no issues",0,0,6,0,0.028030550250937,3.7958880664987,0.978030550250937,"placeholder",100,15,35,16,34,0.4,0.25,16,95,5,"13",12.1900000572205,4
"a8a65f68",1,1.25,"icons",269.077000141144,FALSE,16,16,"male","25-34","Bachelor's degree","Weekly","no issues",58,3,56,0,0.0268109930029576,-2.48648622021437,0.0768109930029576,"placeholder",1000,210,290,216,284,0,0.25,5,5,95,"14",5.83599996566772,9
"a8a65f68",1,1.25,"icons",269.077000141144,FALSE,16,16,"male","25-34","Bachelor's degree","Weekly","no issues",18,0,29,0,0.341302552240981,0.195409230495642,0.548697447759019,"placeholder",500,98,152,111,139,0.4,0,4,89,11,"15",11.1130001544952,8
"a8a65f68",1,1.25,"icons",269.077000141144,FALSE,16,16,"male","25-34","Bachelor's degree","Weekly","no issues",39,3,64,2,0.143655862754067,3.02420808025289,0.953655862754067,"placeholder",1000,202,298,202,298,0.4,0,8,81,19,"16",6.30999994277954,12
"a8a65f68",1,1.25,"icons",269.077000141144,FALSE,16,16,"male","25-34","Bachelor's degree","Weekly","no issues",177,3,317,5,0.399973378745453,10.5337739965025,0.999973378745453,"placeholder",5000,1009,1491,1022,1478,0.4,0,3,60,40,"practice",48.4660000801086,16
"50969e7e",1,0.25,"icons",480.885999917984,FALSE,16,16,"man","35-44","Associate's degree","Monthly or less","Everything was fine",24,0,30,0,0.249167000831349,-0.401995479006104,0.400832999168651,"placeholder",500,90,160,92,158,0.1,0,11,65,35,"1",78.2980000972748,6
"50969e7e",1,0.25,"icons",480.885999917984,FALSE,16,16,"man","35-44","Associate's degree","Monthly or less","Everything was fine",50,2,61,0,0.299077088934457,-0.401621118791724,0.400922911065543,"placeholder",1000,178,322,200,300,0,0,14,70,30,"2",11.2139999866486,9
"50969e7e",1,0.25,"icons",480.885999917984,FALSE,16,16,"man","35-44","Associate's degree","Monthly or less","Everything was fine",22,1,37,0,0.074419283952277,1.54658038256758,0.824419283952277,"placeholder",500,102,148,106,144,0.3,0,12,75,25,"3",11.3880000114441,7
"50969e7e",1,0.25,"icons",480.885999917984,FALSE,16,16,"man","35-44","Associate's degree","Monthly or less","Everything was fine",48,0,57,2,0.443966570342154,-1.06668808093269,0.256033429657846,"placeholder",1000,212,288,185,315,0.4,0,1,70,30,"4",10.1779999732971,12
"50969e7e",1,0.25,"icons",480.885999917984,FALSE,16,16,"man","35-44","Associate's degree","Monthly or less","Everything was fine",30,3,66,1,0.249116979540982,7.03127877718163,0.999116979540982,"placeholder",1000,195,305,198,302,0.3,0,16,75,25,"5",24.8880000114441,11
"50969e7e",1,0.25,"icons",480.885999917984,FALSE,16,16,"man","35-44","Associate's degree","Monthly or less","Everything was fine",44,1,71,0,0.029719673885707,1.2640335177858,0.779719673885707,"placeholder",1000,179,321,215,285,0.1,0.25,15,75,25,"6",11.9980001449585,10
"50969e7e",1,0.25,"icons",480.885999917984,FALSE,16,16,"man","35-44","Associate's degree","Monthly or less","Everything was fine",17,0,44,0,0.218167506245704,3.41491753168833,0.968167506245704,"placeholder",500,87,163,118,132,0.4,0,13,75,25,"7",6.32400012016296,8
"50969e7e",1,0.25,"icons",480.885999917984,FALSE,16,16,"man","35-44","Associate's degree","Monthly or less","Everything was fine",298,6,292,5,0.399997924574928,-13.0853424959573,2.07542507179427e-06,"placeholder",5000,1025,1475,1017,1483,0,0,2,40,60,"8",29.2579998970032,13
"50969e7e",1,0.25,"icons",480.885999917984,FALSE,16,16,"man","35-44","Associate's degree","Monthly or less","Everything was fine",7,0,7,0,0.20209527791443,-0.857295407503486,0.29790472208557,"placeholder",100,20,30,23,27,0,0,6,50,50,"9",8.4210000038147,1
"50969e7e",1,0.25,"icons",480.885999917984,FALSE,16,16,"man","35-44","Associate's degree","Monthly or less","Everything was fine",35,1,28,2,0.297659668316699,-1.08616918662534,0.252340331683301,"placeholder",500,101,149,89,161,0,0,10,55,45,"10",28.4769999980927,5
"50969e7e",1,0.25,"icons",480.885999917984,FALSE,16,16,"man","35-44","Associate's degree","Monthly or less","Everything was fine",290,5,311,9,0.699038491595549,-6.94604528104492,0.000961508404450876,"placeholder",5000,1046,1454,999,1501,0.1,0,3,70,30,"11",71.9250001907349,14
"50969e7e",1,0.25,"icons",480.885999917984,FALSE,16,16,"man","35-44","Associate's degree","Monthly or less","Everything was fine",5,0,4,0,0.089487651409665,-0.573141100871236,0.360512348590335,"placeholder",100,20,30,18,32,0.1,0,7,45,55,"12",10.569000005722,2
"50969e7e",1,0.25,"icons",480.885999917984,FALSE,16,16,"man","35-44","Associate's degree","Monthly or less","Everything was fine",227,3,274,8,0.381893340580646,3.99320289364982,0.981893340580646,"placeholder",5000,1030,1470,1015,1485,0.3,0,4,60,40,"13",20.4320001602173,15
"50969e7e",1,0.25,"icons",480.885999917984,FALSE,16,16,"man","35-44","Associate's degree","Monthly or less","Everything was fine",2,0,4,0,0.22768484498018,0.0893199560312823,0.52231515501982,"placeholder",100,12,38,19,31,0.3,0,8,75,25,"14",9.51099991798401,3
"50969e7e",1,0.25,"icons",480.885999917984,FALSE,16,16,"man","35-44","Associate's degree","Monthly or less","Everything was fine",2,0,4,0,0.110160152624599,0.574669105635699,0.639839847375401,"placeholder",100,19,31,20,30,0.4,0,9,75,25,"15",6.76900005340576,4
"50969e7e",1,0.25,"icons",480.885999917984,FALSE,16,16,"man","35-44","Associate's degree","Monthly or less","Everything was fine",196,6,314,7,0.249998591210435,13.4727782780469,0.999998591210435,"placeholder",5000,1002,1498,1021,1479,0.4,0,5,75,25,"16",9.57000017166138,16
"50969e7e",1,0.25,"icons",480.885999917984,FALSE,16,16,"man","35-44","Associate's degree","Monthly or less","Everything was fine",209,6,300,3,0.249994015796376,12.0263813055437,0.999994015796376,"placeholder",5000,1011,1489,951,1549,0.4,0,4,75,25,"practice",61.1449999809265,16
"b3e02502",1,0.75,"icons",559.473999977112,FALSE,16,16,"man","35-44","High school diploma or GED","Weekly",NA,1,0,3,0,0.152941348324726,0.861343858087956,0.702941348324726,"placeholder",100,20,30,19,31,0.3,0,12,55,45,"1",46.2999999523163,3
"b3e02502",1,0.75,"icons",559.473999977112,FALSE,16,16,"man","35-44","High school diploma or GED","Weekly",NA,80,3,51,1,0.0242248976955906,-3.69585119721802,0.0242248976955906,"placeholder",1000,220,280,181,319,0,0.25,2,0,100,"2",58.4070000648499,9
"b3e02502",1,0.75,"icons",559.473999977112,FALSE,16,16,"man","35-44","High school diploma or GED","Weekly",NA,195,1,298,7,0.299999986293564,18.1054003236095,0.999999986293564,"placeholder",5000,1019,1481,979,1521,0.4,0,9,70,30,"3",33.7329998016357,16
"b3e02502",1,0.75,"icons",559.473999977112,FALSE,16,16,"man","35-44","High school diploma or GED","Weekly",NA,217,5,306,3,0.299570719817122,7.75297137292614,0.999570719817122,"placeholder",5000,985,1515,1008,1492,0.3,0,8,70,30,"4",45.3810000419617,15
"b3e02502",1,0.75,"icons",559.473999977112,FALSE,16,16,"man","35-44","High school diploma or GED","Weekly",NA,311,1,332,3,0.0492601570526332,-7.20833251081262,0.000739842947366792,"placeholder",5000,969,1531,1025,1475,0,0.25,6,5,95,"5",16.1299998760223,13
"b3e02502",1,0.75,"icons",559.473999977112,FALSE,16,16,"man","35-44","High school diploma or GED","Weekly",NA,283,6,314,8,0.100871088658267,-2.962930812688,0.0491289113417328,"placeholder",5000,1001,1499,1008,1492,0.1,0,7,15,85,"6",12.9250001907349,14
"b3e02502",1,0.75,"icons",559.473999977112,FALSE,16,16,"man","35-44","High school diploma or GED","Weekly",NA,54,1,52,0,0.0415772319610858,-2.42110761328917,0.0815772319610858,"placeholder",1000,186,314,191,309,0.1,0.25,3,4,96,"7",41.0550000667572,10
"b3e02502",1,0.75,"icons",559.473999977112,FALSE,16,16,"man","35-44","High school diploma or GED","Weekly",NA,8,0,5,0,0.364565872839741,-0.386476191701426,0.404565872839741,"placeholder",100,25,25,16,34,0,0,10,4,96,"8",50.4429998397827,1
"b3e02502",1,0.75,"icons",559.473999977112,FALSE,16,16,"man","35-44","High school diploma or GED","Weekly",NA,23,0,19,0,0.16317406358871,-1.36657318871927,0.20317406358871,"placeholder",500,104,146,83,167,0.4,0,1,4,96,"9",24.8129999637604,8
"b3e02502",1,0.75,"icons",559.473999977112,FALSE,16,16,"man","35-44","High school diploma or GED","Weekly",NA,52,0,58,1,0.409631173892776,-0.161827545734297,0.459631173892776,"placeholder",1000,212,288,187,313,0.3,0,4,5,95,"10",21.5450000762939,11
"b3e02502",1,0.75,"icons",559.473999977112,FALSE,16,16,"man","35-44","High school diploma or GED","Weekly",NA,22,0,45,1,0.843878573959715,5.08981995770091,0.993878573959715,"placeholder",500,99,151,101,149,0.3,0,16,15,85,"11",16.1360001564026,7
"b3e02502",1,0.75,"icons",559.473999977112,FALSE,16,16,"man","35-44","High school diploma or GED","Weekly",NA,3,0,7,0,0.632855580984859,1.60600203174125,0.832855580984859,"placeholder",100,22,28,19,31,0.4,0,13,20,80,"12",14.5840001106262,4
"b3e02502",1,0.75,"icons",559.473999977112,FALSE,16,16,"man","35-44","High school diploma or GED","Weekly",NA,31,1,27,0,0.398871352630918,-0.245743873451943,0.438871352630918,"placeholder",500,116,134,104,146,0,0,14,4,96,"13",12.1870000362396,5
"b3e02502",1,0.75,"icons",559.473999977112,FALSE,16,16,"man","35-44","High school diploma or GED","Weekly",NA,4,0,5,0,0.46501699734398,0.0200686629053521,0.50501699734398,"placeholder",100,18,32,22,28,0.1,0,11,4,96,"14",7.18999981880188,2
"b3e02502",1,0.75,"icons",559.473999977112,FALSE,16,16,"man","35-44","High school diploma or GED","Weekly",NA,45,1,67,3,0.598910331284672,1.72608007075411,0.848910331284672,"placeholder",1000,204,296,209,291,0.4,0,5,25,75,"15",22.3980000019073,12
"b3e02502",1,0.75,"icons",559.473999977112,FALSE,16,16,"man","35-44","High school diploma or GED","Weekly",NA,19,0,34,0,0.502863837664426,1.11394493571994,0.752863837664426,"placeholder",500,91,159,101,149,0.1,0,15,25,75,"16",9.71799993515015,6
"b3e02502",1,0.75,"icons",559.473999977112,FALSE,16,16,"man","35-44","High school diploma or GED","Weekly",NA,177,3,317,5,0.199973378745453,10.5337739965025,0.999973378745453,"placeholder",5000,1009,1491,1022,1478,0.4,0,3,80,20,"practice",64.0279998779297,16
"3595de04",1,0.75,"icons",930.855000019073,FALSE,16,16,"Man","35-44","Some college, no degree","Monthly or less","I had no technical issues. I found the charts a bit confusing but did my best with the calculations.    MTURK ID: A2VAL2BRKVSUB5",53,0,62,3,0.0207904474949481,0.528827281574024,0.629209552505052,"placeholder",1000,210,290,205,295,0.3,0.25,6,65,35,"1",65.0789999961853,11
"3595de04",1,0.75,"icons",930.855000019073,FALSE,16,16,"Man","35-44","Some college, no degree","Monthly or less","I had no technical issues. I found the charts a bit confusing but did my best with the calculations.    MTURK ID: A2VAL2BRKVSUB5",210,5,326,5,0.549917940206163,9.40798032013981,0.999917940206163,"placeholder",5000,973,1527,1031,1469,0.3,0,10,45,55,"2",79.8780000209808,15
"3595de04",1,0.75,"icons",930.855000019073,FALSE,16,16,"Man","35-44","Some college, no degree","Monthly or less","I had no technical issues. I found the charts a bit confusing but did my best with the calculations.    MTURK ID: A2VAL2BRKVSUB5",2,0,5,0,0.35139751765666,1.52584461218489,0.82139751765666,"placeholder",100,23,27,20,30,0.3,0,14,47,53,"3",63.1389999389648,3
"3595de04",1,0.75,"icons",930.855000019073,FALSE,16,16,"Man","35-44","Some college, no degree","Monthly or less","I had no technical issues. I found the charts a bit confusing but did my best with the calculations.    MTURK ID: A2VAL2BRKVSUB5",320,7,306,11,0.395105925903923,-5.31482408459397,0.00489407409607706,"placeholder",5000,991,1509,1023,1477,0,0,8,40,60,"4",99.7360000610352,13
"3595de04",1,0.75,"icons",930.855000019073,FALSE,16,16,"Man","35-44","Some college, no degree","Monthly or less","I had no technical issues. I found the charts a bit confusing but did my best with the calculations.    MTURK ID: A2VAL2BRKVSUB5",278,5,305,8,0.17870574861546,-1.57648229873098,0.17129425138454,"placeholder",5000,1015,1485,991,1509,0.1,0,9,35,65,"5",33.8850002288818,14
"3595de04",1,0.75,"icons",930.855000019073,FALSE,16,16,"Man","35-44","Some college, no degree","Monthly or less","I had no technical issues. I found the charts a bit confusing but did my best with the calculations.    MTURK ID: A2VAL2BRKVSUB5",180,3,302,7,0.699999998561952,20.3599794523066,0.999999998561952,"placeholder",5000,1025,1475,997,1503,0.4,0,11,30,70,"6",28.063000202179,16
"3595de04",1,0.75,"icons",930.855000019073,FALSE,16,16,"Man","35-44","Some college, no degree","Monthly or less","I had no technical issues. I found the charts a bit confusing but did my best with the calculations.    MTURK ID: A2VAL2BRKVSUB5",37,2,72,1,0.613488661972099,2.64155638740078,0.933488661972099,"placeholder",1000,179,321,213,287,0.4,0,7,32,68,"7",30.4279999732971,12
"3595de04",1,0.75,"icons",930.855000019073,FALSE,16,16,"Man","35-44","Some college, no degree","Monthly or less","I had no technical issues. I found the charts a bit confusing but did my best with the calculations.    MTURK ID: A2VAL2BRKVSUB5",60,0,61,2,0.391042129173713,-2.77016477416862,0.0589578708262875,"placeholder",1000,205,295,197,303,0,0,4,45,55,"8",10.0729999542236,9
"3595de04",1,0.75,"icons",930.855000019073,FALSE,16,16,"Man","35-44","Some college, no degree","Monthly or less","I had no technical issues. I found the charts a bit confusing but did my best with the calculations.    MTURK ID: A2VAL2BRKVSUB5",4,0,7,0,0.173542251107981,0.462226585915701,0.613542251107981,"placeholder",100,17,33,19,31,0.1,0,13,44,56,"9",22.5210001468658,2
"3595de04",1,0.75,"icons",930.855000019073,FALSE,16,16,"Man","35-44","Some college, no degree","Monthly or less","I had no technical issues. I found the charts a bit confusing but did my best with the calculations.    MTURK ID: A2VAL2BRKVSUB5",25,0,28,1,0.256610226394793,-1.18926858878845,0.233389773605207,"placeholder",500,104,146,103,147,0.3,0,2,49,51,"10",16.2490000724792,7
"3595de04",1,0.75,"icons",930.855000019073,FALSE,16,16,"Man","35-44","Some college, no degree","Monthly or less","I had no technical issues. I found the charts a bit confusing but did my best with the calculations.    MTURK ID: A2VAL2BRKVSUB5",5,0,6,0,0.017587393664156,-0.0496606288231085,0.487587393664156,"placeholder",100,20,30,21,29,0,0.25,12,47,53,"11",11.2789998054504,1
"3595de04",1,0.75,"icons",930.855000019073,FALSE,16,16,"Man","35-44","Some college, no degree","Monthly or less","I had no technical issues. I found the charts a bit confusing but did my best with the calculations.    MTURK ID: A2VAL2BRKVSUB5",4,0,12,0,0.618663361869927,2.56633625281157,0.928663361869927,"placeholder",100,21,29,22,28,0.4,0,15,31,69,"12",16.5260000228882,4
"3595de04",1,0.75,"icons",930.855000019073,FALSE,16,16,"Man","35-44","Some college, no degree","Monthly or less","I had no technical issues. I found the charts a bit confusing but did my best with the calculations.    MTURK ID: A2VAL2BRKVSUB5",26,0,33,0,0.431073452747507,-2.77072948824434,0.0589265472524928,"placeholder",500,95,155,116,134,0.1,0,1,49,51,"13",14.6480000019073,6
"3595de04",1,0.75,"icons",930.855000019073,FALSE,16,16,"Man","35-44","Some college, no degree","Monthly or less","I had no technical issues. I found the charts a bit confusing but did my best with the calculations.    MTURK ID: A2VAL2BRKVSUB5",22,1,33,1,0.279488737575509,0.941926997675779,0.719488737575509,"placeholder",500,105,145,105,145,0,0,16,44,56,"14",22.6100001335144,5
"3595de04",1,0.75,"icons",930.855000019073,FALSE,16,16,"Man","35-44","Some college, no degree","Monthly or less","I had no technical issues. I found the charts a bit confusing but did my best with the calculations.    MTURK ID: A2VAL2BRKVSUB5",54,1,67,0,0.256077854468161,-1.7041644558438,0.153922145531839,"placeholder",1000,190,310,213,287,0.1,0,5,41,59,"15",10.3239998817444,10
"3595de04",1,0.75,"icons",930.855000019073,FALSE,16,16,"Man","35-44","Some college, no degree","Monthly or less","I had no technical issues. I found the charts a bit confusing but did my best with the calculations.    MTURK ID: A2VAL2BRKVSUB5",22,0,33,1,0.00118829592034997,-0.195870642905447,0.45118829592035,"placeholder",500,88,162,101,149,0.4,0.25,3,45,55,"16",11.6979999542236,8
"3595de04",1,0.75,"icons",930.855000019073,FALSE,16,16,"Man","35-44","Some college, no degree","Monthly or less","I had no technical issues. I found the charts a bit confusing but did my best with the calculations.    MTURK ID: A2VAL2BRKVSUB5",182,4,259,5,0.299801024311281,8.52212891245495,0.999801024311281,"placeholder",5000,1001,1499,973,1527,0.4,0,2,70,30,"practice",232.9359998703,16
"d4a5865e",0,0.25,"text",611.31500005722,FALSE,16,16,"41","35-44","Less than a high school diploma","Monthly or less","Sorry. I absentmindedly put my age in the gender box. It should be female.",182,4,259,5,0.699801024311281,8.52212891245495,0.999801024311281,"placeholder",5000,1001,1499,973,1527,0.4,0,2,30,70,"1",49.8760001659393,16
"d4a5865e",0,0.25,"text",611.31500005722,FALSE,16,16,"41","35-44","Less than a high school diploma","Monthly or less","Sorry. I absentmindedly put my age in the gender box. It should be female.",225,4,300,7,0.531385642114208,-1.82684663075906,0.138614357885792,"placeholder",5000,1009,1491,1058,1442,0.3,0,1,67,33,"2",40.585000038147,15
"d4a5865e",0,0.25,"text",611.31500005722,FALSE,16,16,"41","35-44","Less than a high school diploma","Monthly or less","Sorry. I absentmindedly put my age in the gender box. It should be female.",26,2,35,2,0.168280157363536,-0.935946572961797,0.281719842636464,"placeholder",500,87,163,107,143,0.1,0,8,45,55,"3",16.8540000915527,6
"d4a5865e",0,0.25,"text",611.31500005722,FALSE,16,16,"41","35-44","Less than a high school diploma","Monthly or less","Sorry. I absentmindedly put my age in the gender box. It should be female.",39,0,61,0,0.638780052023407,3.43498035289272,0.968780052023407,"placeholder",1000,193,307,207,293,0.3,0,13,33,67,"4",22.6559998989105,11
"d4a5865e",0,0.25,"text",611.31500005722,FALSE,16,16,"41","35-44","Less than a high school diploma","Monthly or less","Sorry. I absentmindedly put my age in the gender box. It should be female.",4,0,5,0,0.012206016114231,0.0488337667831544,0.512206016114231,"placeholder",100,19,31,18,32,0.4,0.25,6,50,50,"5",7.47000002861023,4
"d4a5865e",0,0.25,"text",611.31500005722,FALSE,16,16,"41","35-44","Less than a high school diploma","Monthly or less","Sorry. I absentmindedly put my age in the gender box. It should be female.",19,0,27,0,0.116468946377755,2.05516969573826,0.886468946377755,"placeholder",500,109,141,89,161,0.4,0,10,77,23,"6",15.6629998683929,8
"d4a5865e",0,0.25,"text",611.31500005722,FALSE,16,16,"41","35-44","Less than a high school diploma","Monthly or less","Sorry. I absentmindedly put my age in the gender box. It should be female.",54,2,59,4,0.0718010019647121,-0.0872593331708913,0.478198998035288,"placeholder",1000,201,299,199,301,0.1,0,12,55,45,"7",10.0269999504089,10
"d4a5865e",0,0.25,"text",611.31500005722,FALSE,16,16,"41","35-44","Less than a high school diploma","Monthly or less","Sorry. I absentmindedly put my age in the gender box. It should be female.",8,0,1,0,0.669177334856682,-1.26087870495529,0.220822665143318,"placeholder",100,22,28,17,33,0,0,3,89,11,"8",8.95900011062622,1
"d4a5865e",0,0.25,"text",611.31500005722,FALSE,16,16,"41","35-44","Less than a high school diploma","Monthly or less","Sorry. I absentmindedly put my age in the gender box. It should be female.",34,1,69,1,0.338731332631248,6.66851877256346,0.998731332631248,"placeholder",1000,208,292,211,289,0.4,0,14,66,34,"9",167.444999933243,12
"d4a5865e",0,0.25,"text",611.31500005722,FALSE,16,16,"41","35-44","Less than a high school diploma","Monthly or less","Sorry. I absentmindedly put my age in the gender box. It should be female.",259,5,332,8,0.441391986804302,4.74641646647115,0.991391986804302,"placeholder",5000,1014,1486,992,1508,0.1,0,16,55,45,"10",6.74700021743774,14
"d4a5865e",0,0.25,"text",611.31500005722,FALSE,16,16,"41","35-44","Less than a high school diploma","Monthly or less","Sorry. I absentmindedly put my age in the gender box. It should be female.",292,8,313,12,0.190941909256541,-0.123925994857473,0.469058090743459,"placeholder",5000,1016,1484,967,1533,0,0,15,66,34,"11",7.05599999427795,13
"d4a5865e",0,0.25,"text",611.31500005722,FALSE,16,16,"41","35-44","Less than a high school diploma","Monthly or less","Sorry. I absentmindedly put my age in the gender box. It should be female.",22,0,27,1,0.15384303117132,0.592083398627807,0.64384303117132,"placeholder",500,105,145,92,158,0.3,0,9,49,51,"12",7.54500007629395,7
"d4a5865e",0,0.25,"text",611.31500005722,FALSE,16,16,"41","35-44","Less than a high school diploma","Monthly or less","Sorry. I absentmindedly put my age in the gender box. It should be female.",60,0,63,0,0.294315832657749,-1.23284331065145,0.225684167342251,"placeholder",1000,189,311,212,288,0,0,11,52,48,"13",5.64400005340576,9
"d4a5865e",0,0.25,"text",611.31500005722,FALSE,16,16,"41","35-44","Less than a high school diploma","Monthly or less","Sorry. I absentmindedly put my age in the gender box. It should be female.",36,0,37,0,0.322987742176697,-1.53672232307673,0.177012257823303,"placeholder",500,95,155,104,146,0,0,7,50,50,"14",4.65400004386902,5
"d4a5865e",0,0.25,"text",611.31500005722,FALSE,16,16,"41","35-44","Less than a high school diploma","Monthly or less","Sorry. I absentmindedly put my age in the gender box. It should be female.",7,0,9,0,0.125884160622934,-0.973839655228844,0.274115839377066,"placeholder",100,14,36,25,25,0.1,0,4,40,60,"15",5.11500000953674,2
"d4a5865e",0,0.25,"text",611.31500005722,FALSE,16,16,"41","35-44","Less than a high school diploma","Monthly or less","Sorry. I absentmindedly put my age in the gender box. It should be female.",7,0,6,0,0.4574219815603,-0.353318116353549,0.4125780184397,"placeholder",100,30,20,22,28,0.3,0,5,87,13,"16",12.3039999008179,3
"d4a5865e",0,0.25,"text",611.31500005722,FALSE,16,16,"41","35-44","Less than a high school diploma","Monthly or less","Sorry. I absentmindedly put my age in the gender box. It should be female.",182,4,259,5,0.599801024311281,8.52212891245495,0.999801024311281,"placeholder",5000,1001,1499,973,1527,0.4,0,2,40,60,"practice",66.4389998912811,16
"dc9fdfc2",0,0.75,"text",271.639999866486,FALSE,16,16,"woman","35-44","Bachelor's degree","Weekly","No it was fine.",50,2,61,0,0.350922911065543,-0.401621118791724,0.400922911065543,"placeholder",1000,178,322,200,300,0,0,14,5,95,"1",27.9530000686646,9
"dc9fdfc2",0,0.75,"text",271.639999866486,FALSE,16,16,"woman","35-44","Bachelor's degree","Weekly","No it was fine.",227,3,274,8,0.961893340580646,3.99320289364982,0.981893340580646,"placeholder",5000,1030,1470,1015,1485,0.3,0,4,2,98,"2",14.4690001010895,15
"dc9fdfc2",0,0.75,"text",271.639999866486,FALSE,16,16,"woman","35-44","Bachelor's degree","Weekly","No it was fine.",22,1,37,0,0.624419283952277,1.54658038256758,0.824419283952277,"placeholder",500,102,148,106,144,0.3,0,12,20,80,"3",16.1530001163483,7
"dc9fdfc2",0,0.75,"text",271.639999866486,FALSE,16,16,"woman","35-44","Bachelor's degree","Weekly","No it was fine.",48,0,57,2,0.156033429657846,-1.06668808093269,0.256033429657846,"placeholder",1000,212,288,185,315,0.4,0,1,10,90,"4",11.2909998893738,12
"dc9fdfc2",0,0.75,"text",271.639999866486,FALSE,16,16,"woman","35-44","Bachelor's degree","Weekly","No it was fine.",24,0,30,0,0.280832999168651,-0.401995479006104,0.400832999168651,"placeholder",500,90,160,92,158,0.1,0,11,12,88,"5",8.75,6
"dc9fdfc2",0,0.75,"text",271.639999866486,FALSE,16,16,"woman","35-44","Bachelor's degree","Weekly","No it was fine.",2,0,4,0,0.139839847375401,0.574669105635699,0.639839847375401,"placeholder",100,19,31,20,30,0.4,0,9,50,50,"6",11.539999961853,4
"dc9fdfc2",0,0.75,"text",271.639999866486,FALSE,16,16,"woman","35-44","Bachelor's degree","Weekly","No it was fine.",196,6,314,7,0.599998591210435,13.4727782780469,0.999998591210435,"placeholder",5000,1002,1498,1021,1479,0.4,0,5,40,60,"7",8.9300000667572,16
"dc9fdfc2",0,0.75,"text",271.639999866486,FALSE,16,16,"woman","35-44","Bachelor's degree","Weekly","No it was fine.",2,0,4,0,0.02231515501982,0.0893199560312823,0.52231515501982,"placeholder",100,12,38,19,31,0.3,0.25,8,50,50,"8",4.66400003433228,3
"dc9fdfc2",0,0.75,"text",271.639999866486,FALSE,16,16,"woman","35-44","Bachelor's degree","Weekly","No it was fine.",7,0,7,0,0.29790472208557,-0.857295407503486,0.29790472208557,"placeholder",100,20,30,23,27,0,0,6,0,100,"9",18.9800000190735,1
"dc9fdfc2",0,0.75,"text",271.639999866486,FALSE,16,16,"woman","35-44","Bachelor's degree","Weekly","No it was fine.",35,1,28,2,0.052340331683301,-1.08616918662534,0.252340331683301,"placeholder",500,101,149,89,161,0,0,10,20,80,"10",13.8229999542236,5
"dc9fdfc2",0,0.75,"text",271.639999866486,FALSE,16,16,"woman","35-44","Bachelor's degree","Weekly","No it was fine.",30,3,66,1,0.549116979540982,7.03127877718163,0.999116979540982,"placeholder",1000,195,305,198,302,0.3,0,16,45,55,"11",5.65700006484985,11
"dc9fdfc2",0,0.75,"text",271.639999866486,FALSE,16,16,"woman","35-44","Bachelor's degree","Weekly","No it was fine.",290,5,311,9,0.0490384915955491,-6.94604528104492,0.000961508404450876,"placeholder",5000,1046,1454,999,1501,0.1,0.25,3,5,95,"12",8.08899998664856,14
"dc9fdfc2",0,0.75,"text",271.639999866486,FALSE,16,16,"woman","35-44","Bachelor's degree","Weekly","No it was fine.",17,0,44,0,0.618167506245704,3.41491753168833,0.968167506245704,"placeholder",500,87,163,118,132,0.4,0,13,35,65,"13",5.92400002479553,8
"dc9fdfc2",0,0.75,"text",271.639999866486,FALSE,16,16,"woman","35-44","Bachelor's degree","Weekly","No it was fine.",44,1,71,0,0.229719673885707,1.2640335177858,0.779719673885707,"placeholder",1000,179,321,215,285,0.1,0,15,55,45,"14",10.739000082016,10
"dc9fdfc2",0,0.75,"text",271.639999866486,FALSE,16,16,"woman","35-44","Bachelor's degree","Weekly","No it was fine.",298,6,292,5,2.07542507179427e-06,-13.0853424959573,2.07542507179427e-06,"placeholder",5000,1025,1475,1017,1483,0,0.25,2,0,100,"15",6.84599995613098,13
"dc9fdfc2",0,0.75,"text",271.639999866486,FALSE,16,16,"woman","35-44","Bachelor's degree","Weekly","No it was fine.",5,0,4,0,0.360512348590335,-0.573141100871236,0.360512348590335,"placeholder",100,20,30,18,32,0.1,0,7,0,100,"16",4.44400000572205,2
"dc9fdfc2",0,0.75,"text",271.639999866486,FALSE,16,16,"woman","35-44","Bachelor's degree","Weekly","No it was fine.",209,6,300,3,0.699994015796376,12.0263813055437,0.999994015796376,"placeholder",5000,1011,1489,951,1549,0.4,0,4,30,70,"practice",28.9089999198914,16
"79947797",0,0,"text",302.986999988556,FALSE,16,16,"man","25-34","Doctorate","Daily","I didn't notice anything",322,8,307,10,0.178442438350269,-0.952200802111975,0.278442438350269,"placeholder",5000,1022,1478,1029,1471,0,0,14,10,90,"1",10.8159999847412,13
"79947797",0,0,"text",302.986999988556,FALSE,16,16,"man","25-34","Doctorate","Daily","I didn't notice anything",55,0,57,1,0.142775481417871,-1.43207564041168,0.192775481417871,"placeholder",1000,175,325,203,297,0,0,10,5,95,"2",17.2049999237061,9
"79947797",0,0,"text",302.986999988556,FALSE,16,16,"man","25-34","Doctorate","Daily","I didn't notice anything",190,1,299,4,0.243523521511858,5.03308081765613,0.993523521511858,"placeholder",5000,944,1556,997,1503,0.4,0,1,75,25,"3",17.4550001621246,16
"79947797",0,0,"text",302.986999988556,FALSE,16,16,"man","25-34","Doctorate","Daily","I didn't notice anything",202,5,315,5,0.299999997839315,19.9528407065957,0.999999997839315,"placeholder",5000,1047,1453,1004,1496,0.3,0,16,70,30,"4",17.6700000762939,15
"79947797",0,0,"text",302.986999988556,FALSE,16,16,"man","25-34","Doctorate","Daily","I didn't notice anything",17,2,33,1,0.239192937103343,1.65223536155398,0.839192937103343,"placeholder",500,97,153,107,143,0.4,0,9,60,40,"5",17.6749999523163,8
"79947797",0,0,"text",302.986999988556,FALSE,16,16,"man","25-34","Doctorate","Daily","I didn't notice anything",8,0,8,0,0.3227387955899,-0.520485153423792,0.3727387955899,"placeholder",100,26,24,22,28,0.3,0,4,5,95,"6",8.57299995422363,3
"79947797",0,0,"text",302.986999988556,FALSE,16,16,"man","25-34","Doctorate","Daily","I didn't notice anything",24,0,29,1,0.380643582490371,0.325415916563003,0.580643582490371,"placeholder",500,107,143,98,152,0.3,0,8,20,80,"7",19.5800001621246,7
"79947797",0,0,"text",302.986999988556,FALSE,16,16,"man","25-34","Doctorate","Daily","I didn't notice anything",34,0,31,0,0.105538205595727,-1.69180809814165,0.155538205595727,"placeholder",500,108,142,102,148,0,0,6,5,95,"8",6.0019998550415,5
"79947797",0,0,"text",302.986999988556,FALSE,16,16,"man","25-34","Doctorate","Daily","I didn't notice anything",29,2,33,0,0.199679695600734,-1.100321309089,0.249679695600734,"placeholder",500,103,147,101,149,0.1,0,7,5,95,"9",7.29800009727478,6
"79947797",0,0,"text",302.986999988556,FALSE,16,16,"man","25-34","Doctorate","Daily","I didn't notice anything",291,13,332,6,0.541085261805754,2.77094245977059,0.941085261805754,"placeholder",5000,1028,1472,1005,1495,0.1,0,15,40,60,"10",19.1690001487732,14
"79947797",0,0,"text",302.986999988556,FALSE,16,16,"man","25-34","Doctorate","Daily","I didn't notice anything",4,0,4,0,0.418229494333565,-0.127253467712176,0.468229494333565,"placeholder",100,21,29,19,31,0.4,0,5,5,95,"11",9.35000014305115,4
"79947797",0,0,"text",302.986999988556,FALSE,16,16,"man","25-34","Doctorate","Daily","I didn't notice anything",38,0,57,1,0.243647999515231,2.818135473822,0.943647999515231,"placeholder",1000,191,309,191,309,0.3,0,12,70,30,"12",11.0130000114441,11
"79947797",0,0,"text",302.986999988556,FALSE,16,16,"man","25-34","Doctorate","Daily","I didn't notice anything",7,0,4,0,0.201076194571356,-1.09288079284801,0.251076194571356,"placeholder",100,25,25,24,26,0.1,0,3,5,95,"13",8.61899995803833,2
"79947797",0,0,"text",302.986999988556,FALSE,16,16,"man","25-34","Doctorate","Daily","I didn't notice anything",35,0,59,3,0.0964316912198839,5.63208883611725,0.996431691219884,"placeholder",1000,204,296,183,317,0.4,0,13,90,10,"14",19.2900002002716,12
"79947797",0,0,"text",302.986999988556,FALSE,16,16,"man","25-34","Doctorate","Daily","I didn't notice anything",60,1,64,0,0.390595958985599,-0.366429583311742,0.409404041014401,"placeholder",1000,215,285,177,323,0.1,0,11,80,20,"15",13.3299999237061,10
"79947797",0,0,"text",302.986999988556,FALSE,16,16,"man","25-34","Doctorate","Daily","I didn't notice anything",6,0,2,0,0.142022734970237,-1.4369201444648,0.192022734970237,"placeholder",100,22,28,18,32,0,0,2,5,95,"16",7.78999996185303,1
"79947797",0,0,"text",302.986999988556,FALSE,16,16,"man","25-34","Doctorate","Daily","I didn't notice anything",179,3,306,10,0.0499999999892381,25.2549864110106,0.999999999989238,"placeholder",5000,1015,1485,987,1513,0.4,0.25,14,95,5,"practice",36.7630000114441,16
"a6325036",1,0,"icons",348.839999914169,FALSE,16,16,"male","25-34","Bachelor's degree","Weekly","I think more explanations would have been helpful. Even after reading through the instructions the correlations weren't all that clear to me. I found the chart and the way it was presented kind of confusing. Hard to read.",211,3,282,6,0.449824620960602,1.09767715239423,0.749824620960602,"placeholder",5000,994,1506,988,1512,0.3,0,2,30,70,"1",14.576000213623,15
"a6325036",1,0,"icons",348.839999914169,FALSE,16,16,"male","25-34","Bachelor's degree","Weekly","I think more explanations would have been helpful. Even after reading through the instructions the correlations weren't all that clear to me. I found the chart and the way it was presented kind of confusing. Hard to read.",34,0,28,0,0.352077702103029,-1.39933096978064,0.197922297896971,"placeholder",500,104,146,114,136,0,0,8,55,45,"2",12.6039998531342,5
"a6325036",1,0,"icons",348.839999914169,FALSE,16,16,"male","25-34","Bachelor's degree","Weekly","I think more explanations would have been helpful. Even after reading through the instructions the correlations weren't all that clear to me. I found the chart and the way it was presented kind of confusing. Hard to read.",49,2,56,0,0.095851920445396,0.305767906591484,0.575851920445396,"placeholder",1000,199,301,171,329,0.1,0,13,48,52,"3",15.2039999961853,10
"a6325036",1,0,"icons",348.839999914169,FALSE,16,16,"male","25-34","Bachelor's degree","Weekly","I think more explanations would have been helpful. Even after reading through the instructions the correlations weren't all that clear to me. I found the chart and the way it was presented kind of confusing. Hard to read.",15,0,31,1,0.767730926216322,2.4119089760926,0.917730926216322,"placeholder",500,97,153,113,137,0.4,0,11,15,85,"4",10.7039999961853,8
"a6325036",1,0,"icons",348.839999914169,FALSE,16,16,"male","25-34","Bachelor's degree","Weekly","I think more explanations would have been helpful. Even after reading through the instructions the correlations weren't all that clear to me. I found the chart and the way it was presented kind of confusing. Hard to read.",5,1,7,1,0.05021008825361,0.201519572969971,0.55021008825361,"placeholder",100,19,31,17,33,0.4,0,7,50,50,"5",9.15999984741211,4
"a6325036",1,0,"icons",348.839999914169,FALSE,16,16,"male","25-34","Bachelor's degree","Weekly","I think more explanations would have been helpful. Even after reading through the instructions the correlations weren't all that clear to me. I found the chart and the way it was presented kind of confusing. Hard to read.",286,2,291,4,0.499997610992135,-12.9446300084674,2.38900786494144e-06,"placeholder",5000,1018,1482,1021,1479,0.1,0,1,50,50,"6",12.893000125885,14
"a6325036",1,0,"icons",348.839999914169,FALSE,16,16,"male","25-34","Bachelor's degree","Weekly","I think more explanations would have been helpful. Even after reading through the instructions the correlations weren't all that clear to me. I found the chart and the way it was presented kind of confusing. Hard to read.",294,10,290,9,0.346893810922508,1.63529573834262,0.836893810922508,"placeholder",5000,986,1514,1020,1480,0,0,16,49,51,"7",11.8159999847412,13
"a6325036",1,0,"icons",348.839999914169,FALSE,16,16,"male","25-34","Bachelor's degree","Weekly","I think more explanations would have been helpful. Even after reading through the instructions the correlations weren't all that clear to me. I found the chart and the way it was presented kind of confusing. Hard to read.",33,2,33,2,0.080496727297918,-0.756055495854866,0.319503272702082,"placeholder",500,106,144,98,152,0.1,0,9,40,60,"8",5.71800017356873,6
"a6325036",1,0,"icons",348.839999914169,FALSE,16,16,"male","25-34","Bachelor's degree","Weekly","I think more explanations would have been helpful. Even after reading through the instructions the correlations weren't all that clear to me. I found the chart and the way it was presented kind of confusing. Hard to read.",6,0,4,0,0.300093982333051,-1.09911359060624,0.249906017666949,"placeholder",100,23,27,20,30,0,0,4,55,45,"9",6.66499996185303,1
"a6325036",1,0,"icons",348.839999914169,FALSE,16,16,"male","25-34","Bachelor's degree","Weekly","I think more explanations would have been helpful. Even after reading through the instructions the correlations weren't all that clear to me. I found the chart and the way it was presented kind of confusing. Hard to read.",177,3,317,5,0.599973378745453,10.5337739965025,0.999973378745453,"placeholder",5000,1009,1491,1022,1478,0.4,0,3,40,60,"10",9.10699987411499,16
"a6325036",1,0,"icons",348.839999914169,FALSE,16,16,"male","25-34","Bachelor's degree","Weekly","I think more explanations would have been helpful. Even after reading through the instructions the correlations weren't all that clear to me. I found the chart and the way it was presented kind of confusing. Hard to read.",29,0,64,1,0.699634917258187,7.91502139077122,0.999634917258187,"placeholder",1000,206,294,204,296,0.4,0,15,30,70,"11",4.85899996757507,12
"a6325036",1,0,"icons",348.839999914169,FALSE,16,16,"male","25-34","Bachelor's degree","Weekly","I think more explanations would have been helpful. Even after reading through the instructions the correlations weren't all that clear to me. I found the chart and the way it was presented kind of confusing. Hard to read.",67,1,54,0,0.624285477628032,-0.965819629596382,0.275714522371968,"placeholder",1000,204,296,174,326,0,0,12,90,10,"12",10.4660000801086,9
"a6325036",1,0,"icons",348.839999914169,FALSE,16,16,"male","25-34","Bachelor's degree","Weekly","I think more explanations would have been helpful. Even after reading through the instructions the correlations weren't all that clear to me. I found the chart and the way it was presented kind of confusing. Hard to read.",6,0,7,0,0.052668020240781,-0.211456493207855,0.447331979759219,"placeholder",100,25,25,24,26,0.3,0,6,50,50,"13",5.44099998474121,3
"a6325036",1,0,"icons",348.839999914169,FALSE,16,16,"male","25-34","Bachelor's degree","Weekly","I think more explanations would have been helpful. Even after reading through the instructions the correlations weren't all that clear to me. I found the chart and the way it was presented kind of confusing. Hard to read.",7,0,5,0,0.198751450770706,-0.841359431747399,0.301248549229294,"placeholder",100,22,28,20,30,0.1,0,5,50,50,"14",4.15699982643127,2
"a6325036",1,0,"icons",348.839999914169,FALSE,16,16,"male","25-34","Bachelor's degree","Weekly","I think more explanations would have been helpful. Even after reading through the instructions the correlations weren't all that clear to me. I found the chart and the way it was presented kind of confusing. Hard to read.",41,1,69,2,0.475196183870993,4.19795579869481,0.985196183870993,"placeholder",1000,193,307,206,294,0.3,0,14,51,49,"15",5.86199998855591,11
"a6325036",1,0,"icons",348.839999914169,FALSE,16,16,"male","25-34","Bachelor's degree","Weekly","I think more explanations would have been helpful. Even after reading through the instructions the correlations weren't all that clear to me. I found the chart and the way it was presented kind of confusing. Hard to read.",20,1,30,1,0.260768149111164,0.899117666669099,0.710768149111164,"placeholder",500,96,154,100,150,0.3,0,10,45,55,"16",8.39900016784668,7
"a6325036",1,0,"icons",348.839999914169,FALSE,16,16,"male","25-34","Bachelor's degree","Weekly","I think more explanations would have been helpful. Even after reading through the instructions the correlations weren't all that clear to me. I found the chart and the way it was presented kind of confusing. Hard to read.",182,4,259,5,0.799801024311281,8.52212891245495,0.999801024311281,"placeholder",5000,1001,1499,973,1527,0.4,0,2,20,80,"practice",79.7239999771118,16
"91184ca0",0,0.75,"text",568.605999946594,FALSE,16,16,"Male","35-44","High school diploma or GED","Weekly","I had no problems.",7,0,4,0,0.055045093474569,-1.69556726062358,0.155045093474569,"placeholder",100,16,34,23,27,0,0,1,10,90,"1",47.0529999732971,1
"91184ca0",0,0.75,"text",568.605999946594,FALSE,16,16,"Male","35-44","High school diploma or GED","Weekly","I had no problems.",45,0,59,1,0.211538622877751,2.33256792603976,0.911538622877751,"placeholder",1000,221,279,179,321,0.3,0,11,70,30,"2",50.2350001335144,11
"91184ca0",0,0.75,"text",568.605999946594,FALSE,16,16,"Male","35-44","High school diploma or GED","Weekly","I had no problems.",52,0,56,2,0.04537608773922,-0.598775402805813,0.35462391226078,"placeholder",1000,199,301,205,295,0.1,0.25,10,40,60,"3",30.4769999980927,10
"91184ca0",0,0.75,"text",568.605999946594,FALSE,16,16,"Male","35-44","High school diploma or GED","Weekly","I had no problems.",259,3,299,3,0.238868670420653,1.64983441898562,0.838868670420653,"placeholder",5000,943,1557,999,1501,0.1,0,14,60,40,"4",20.0599999427795,14
"91184ca0",0,0.75,"text",568.605999946594,FALSE,16,16,"Male","35-44","High school diploma or GED","Weekly","I had no problems.",171,2,323,5,0.099999999999982,31.6202820431397,0.999999999999982,"placeholder",5000,984,1516,986,1514,0.4,0,16,90,10,"5",13.5069999694824,16
"91184ca0",0,0.75,"text",568.605999946594,FALSE,16,16,"Male","35-44","High school diploma or GED","Weekly","I had no problems.",34,2,63,2,0.093267229115546,4.99401296050834,0.993267229115546,"placeholder",1000,190,310,195,305,0.4,0,12,90,10,"6",15.2439999580383,12
"91184ca0",0,0.75,"text",568.605999946594,FALSE,16,16,"Male","35-44","High school diploma or GED","Weekly","I had no problems.",285,12,321,6,0.500254067522632,-1.7365951332506,0.149745932477368,"placeholder",5000,1042,1458,996,1504,0,0,13,65,35,"7",23.3989999294281,13
"91184ca0",0,0.75,"text",568.605999946594,FALSE,16,16,"Male","35-44","High school diploma or GED","Weekly","I had no problems.",194,4,321,6,0.099999875526238,15.8991707645569,0.999999875526238,"placeholder",5000,986,1514,994,1506,0.3,0,15,90,10,"8",10.8159999847412,15
"91184ca0",0,0.75,"text",568.605999946594,FALSE,16,16,"Male","35-44","High school diploma or GED","Weekly","I had no problems.",32,1,29,0,0.063714016321777,-1.84648621531841,0.136285983678223,"placeholder",500,96,154,99,151,0,0,5,20,80,"9",23.0369999408722,5
"91184ca0",0,0.75,"text",568.605999946594,FALSE,16,16,"Male","35-44","High school diploma or GED","Weekly","I had no problems.",3,0,4,0,0.127729128405151,-0.291122313356606,0.427729128405151,"placeholder",100,17,33,24,26,0.4,0,4,30,70,"10",10.2140002250671,4
"91184ca0",0,0.75,"text",568.605999946594,FALSE,16,16,"Male","35-44","High school diploma or GED","Weekly","I had no problems.",29,0,29,0,0.034504361014584,-1.29211145851855,0.215495638985416,"placeholder",500,110,140,106,144,0.1,0.25,6,25,75,"11",15.0089998245239,6
"91184ca0",0,0.75,"text",568.605999946594,FALSE,16,16,"Male","35-44","High school diploma or GED","Weekly","I had no problems.",24,0,32,0,0.170195350873487,0.11936010354168,0.529804649126513,"placeholder",500,93,157,104,146,0.3,0,7,70,30,"12",9.82999992370605,7
"91184ca0",0,0.75,"text",568.605999946594,FALSE,16,16,"Male","35-44","High school diploma or GED","Weekly","I had no problems.",6,0,4,0,0.134353159389228,-0.688561462742161,0.334353159389228,"placeholder",100,23,27,18,32,0.3,0,3,20,80,"13",9.2810001373291,3
"91184ca0",0,0.75,"text",568.605999946594,FALSE,16,16,"Male","35-44","High school diploma or GED","Weekly","I had no problems.",18,1,30,2,0.00845711756983702,1.33425070758193,0.791542882430163,"placeholder",500,96,154,95,155,0.4,0.25,8,80,20,"14",11.7820000648499,8
"91184ca0",0,0.75,"text",568.605999946594,FALSE,16,16,"Male","35-44","High school diploma or GED","Weekly","I had no problems.",63,2,52,1,0.067332998823369,-1.60464797179259,0.167332998823369,"placeholder",1000,182,318,203,297,0,0,9,10,90,"15",21.8889999389648,9
"91184ca0",0,0.75,"text",568.605999946594,FALSE,16,16,"Male","35-44","High school diploma or GED","Weekly","I had no problems.",7,0,4,0,0.164949177209029,-1.29534684298557,0.214949177209029,"placeholder",100,18,32,19,31,0.1,0,2,5,95,"16",13.0939998626709,2
"91184ca0",0,0.75,"text",568.605999946594,FALSE,16,16,"Male","35-44","High school diploma or GED","Weekly","I had no problems.",170,4,307,7,0.199999999919566,23.2435883690291,0.999999999919566,"placeholder",5000,969,1531,1012,1488,0.4,0,13,80,20,"practice",178.015999794006,16
"c7ebd934",1,0.75,"icons",566.740999937057,FALSE,16,16,"Male","25-34","Bachelor's degree","Monthly or less",NA,4,0,5,0,0.033071969789552,0.269328438649662,0.566928030210448,"placeholder",100,21,29,17,33,0.3,0.25,9,60,40,"1",41.0610001087189,3
"c7ebd934",1,0.75,"icons",566.740999937057,FALSE,16,16,"Male","25-34","Bachelor's degree","Monthly or less",NA,286,5,311,5,0.0499816941693731,-10.9082726293734,1.83058306269e-05,"placeholder",5000,974,1526,1015,1485,0,0.25,3,5,95,"2",41.6670000553131,13
"c7ebd934",1,0.75,"icons",566.740999937057,FALSE,16,16,"Male","25-34","Bachelor's degree","Monthly or less",NA,45,2,47,2,0.106851718268816,-2.12331055329642,0.106851718268816,"placeholder",1000,202,298,195,305,0.3,0,1,0,100,"3",11.2050001621246,11
"c7ebd934",1,0.75,"icons",566.740999937057,FALSE,16,16,"Male","25-34","Bachelor's degree","Monthly or less",NA,265,3,298,11,0.745767019279701,-5.46060690692639,0.00423298072029883,"placeholder",5000,994,1506,1002,1498,0.1,0,4,75,25,"4",33.8000001907349,14
"c7ebd934",1,0.75,"icons",566.740999937057,FALSE,16,16,"Male","25-34","Bachelor's degree","Monthly or less",NA,30,0,31,1,0.237016917657297,-0.909916532139761,0.287016917657297,"placeholder",500,103,147,102,148,0,0,11,5,95,"5",46.0629999637604,5
"c7ebd934",1,0.75,"icons",566.740999937057,FALSE,16,16,"Male","25-34","Bachelor's degree","Monthly or less",NA,18,0,35,0,0.332557055365161,4.03122316570669,0.982557055365161,"placeholder",500,105,145,99,151,0.4,0,14,65,35,"6",23.2999999523163,8
"c7ebd934",1,0.75,"icons",566.740999937057,FALSE,16,16,"Male","25-34","Bachelor's degree","Monthly or less",NA,51,1,52,0,0.472246400760538,0.0890443917969321,0.522246400760538,"placeholder",1000,196,304,182,318,0,0,15,5,95,"7",39.768000125885,9
"c7ebd934",1,0.75,"icons",566.740999937057,FALSE,16,16,"Male","25-34","Bachelor's degree","Monthly or less",NA,199,5,313,8,0.299999597227369,14.7248932214793,0.999999597227369,"placeholder",5000,992,1508,1003,1497,0.4,0,6,70,30,"8",15.2560000419617,16
"c7ebd934",1,0.75,"icons",566.740999937057,FALSE,16,16,"Male","25-34","Bachelor's degree","Monthly or less",NA,30,1,34,3,0.314075776824494,-0.14394492538986,0.464075776824494,"placeholder",500,95,155,101,149,0.1,0,12,15,85,"9",20.7460000514984,6
"c7ebd934",1,0.75,"icons",566.740999937057,FALSE,16,16,"Male","25-34","Bachelor's degree","Monthly or less",NA,22,1,35,1,0.278728086550993,1.98044026278103,0.878728086550993,"placeholder",500,104,146,96,154,0.3,0,13,60,40,"10",15.3050000667572,7
"c7ebd934",1,0.75,"icons",566.740999937057,FALSE,16,16,"Male","25-34","Bachelor's degree","Monthly or less",NA,3,0,7,0,0.082278716429386,0.7642637177754,0.682278716429386,"placeholder",100,18,32,22,28,0.4,0,10,60,40,"11",10.5429999828339,4
"c7ebd934",1,0.75,"icons",566.740999937057,FALSE,16,16,"Male","25-34","Bachelor's degree","Monthly or less",NA,8,0,7,0,0.216803696486666,-0.768499903836265,0.316803696486666,"placeholder",100,26,24,24,26,0,0,7,10,90,"12",67.664999961853,1
"c7ebd934",1,0.75,"icons",566.740999937057,FALSE,16,16,"Male","25-34","Bachelor's degree","Monthly or less",NA,43,0,52,2,0.035947480324809,0.0562248857059728,0.514052519675191,"placeholder",1000,201,299,192,308,0.4,0.25,2,55,45,"13",37.819000005722,12
"c7ebd934",1,0.75,"icons",566.740999937057,FALSE,16,16,"Male","25-34","Bachelor's degree","Monthly or less",NA,45,1,58,2,0.275312168439208,2.51681397854915,0.925312168439208,"placeholder",1000,211,289,185,315,0.1,0,16,65,35,"14",11.2829999923706,10
"c7ebd934",1,0.75,"icons",566.740999937057,FALSE,16,16,"Male","25-34","Bachelor's degree","Monthly or less",NA,208,3,285,9,0.243647846777879,5.05258901946513,0.993647846777879,"placeholder",5000,992,1508,1003,1497,0.3,0,5,75,25,"15",16.6119999885559,15
"c7ebd934",1,0.75,"icons",566.740999937057,FALSE,16,16,"Male","25-34","Bachelor's degree","Monthly or less",NA,5,0,9,0,0.253255984704683,-0.419050350255304,0.396744015295317,"placeholder",100,19,31,33,17,0.1,0,8,65,35,"16",15.805999994278,2
"c7ebd934",1,0.75,"icons",566.740999937057,FALSE,16,16,"Male","25-34","Bachelor's degree","Monthly or less",NA,194,2,318,5,0.299999869345219,15.8507071197312,0.999999869345219,"placeholder",5000,990,1510,1022,1478,0.4,0,7,70,30,"practice",58.2569999694824,16
"ef5bc64e",0,0.5,"text",623.301999807358,FALSE,16,16,"man","18-24","High school diploma or GED","Weekly","I didn't experience any bugs.",25,0,31,0,0.121633286212495,-0.746275983659203,0.321633286212495,"placeholder",500,86,164,105,145,0,0,12,20,80,"1",62.6240000724792,5
"ef5bc64e",0,0.5,"text",623.301999807358,FALSE,16,16,"man","18-24","High school diploma or GED","Weekly","I didn't experience any bugs.",12,0,31,0,0.192465112757953,4.88064799366254,0.992465112757953,"placeholder",500,105,145,90,160,0.4,0,15,80,20,"2",34.1959998607635,8
"ef5bc64e",0,0.5,"text",623.301999807358,FALSE,16,16,"man","18-24","High school diploma or GED","Weekly","I didn't experience any bugs.",317,3,304,5,0.149931594811167,-9.58999346855103,6.84051888331246e-05,"placeholder",5000,972,1528,1025,1475,0,0,4,15,85,"3",42,13
"ef5bc64e",0,0.5,"text",623.301999807358,FALSE,16,16,"man","18-24","High school diploma or GED","Weekly","I didn't experience any bugs.",3,0,4,0,0.131292821093984,1.00119172314895,0.731292821093984,"placeholder",100,24,26,15,35,0.4,0,11,60,40,"4",39.3790001869202,4
"ef5bc64e",0,0.5,"text",623.301999807358,FALSE,16,16,"man","18-24","High school diploma or GED","Weekly","I didn't experience any bugs.",16,0,28,0,0.276952063993836,2.54078597006499,0.926952063993836,"placeholder",500,102,148,93,157,0.3,0,14,65,35,"5",28.5880000591278,7
"ef5bc64e",0,0.5,"text",623.301999807358,FALSE,16,16,"man","18-24","High school diploma or GED","Weekly","I didn't experience any bugs.",22,0,25,2,0.283601725894242,0.134609794460587,0.533601725894242,"placeholder",500,96,154,94,156,0.1,0,13,25,75,"6",30.0150001049042,6
"ef5bc64e",0,0.5,"text",623.301999807358,FALSE,16,16,"man","18-24","High school diploma or GED","Weekly","I didn't experience any bugs.",55,1,73,0,0.045071389108253,1.07249648941928,0.745071389108253,"placeholder",1000,197,303,197,303,0,0.25,16,70,30,"7",20.6489999294281,9
"ef5bc64e",0,0.5,"text",623.301999807358,FALSE,16,16,"man","18-24","High school diploma or GED","Weekly","I didn't experience any bugs.",63,1,71,2,0.395932766311781,-1.07703653900307,0.254067233688219,"placeholder",1000,205,295,209,291,0.3,0,2,65,35,"8",21.1199998855591,11
"ef5bc64e",0,0.5,"text",623.301999807358,FALSE,16,16,"man","18-24","High school diploma or GED","Weekly","I didn't experience any bugs.",56,0,54,0,0.0843156821370857,-4.13928530985785,0.0156843178629143,"placeholder",1000,202,298,178,322,0.1,0,1,10,90,"9",40.2740001678467,10
"ef5bc64e",0,0.5,"text",623.301999807358,FALSE,16,16,"man","18-24","High school diploma or GED","Weekly","I didn't experience any bugs.",42,1,56,1,0.01781435877219,0.698316255914619,0.66781435877219,"placeholder",1000,207,293,189,311,0.4,0.25,3,65,35,"10",30.8139998912811,12
"ef5bc64e",0,0.5,"text",623.301999807358,FALSE,16,16,"man","18-24","High school diploma or GED","Weekly","I didn't experience any bugs.",7,0,10,0,0.083189324046606,0.476032945008811,0.616810675953394,"placeholder",100,24,26,22,28,0.3,0,10,70,30,"11",17.2450001239777,3
"ef5bc64e",0,0.5,"text",623.301999807358,FALSE,16,16,"man","18-24","High school diploma or GED","Weekly","I didn't experience any bugs.",263,6,318,6,0.690265996311435,-4.62234829983527,0.00973400368856488,"placeholder",5000,985,1515,991,1509,0.1,0,5,70,30,"12",21.4329998493195,14
"ef5bc64e",0,0.5,"text",623.301999807358,FALSE,16,16,"man","18-24","High school diploma or GED","Weekly","I didn't experience any bugs.",8,0,8,0,0.122453987210643,-0.291870445673268,0.427546012789357,"placeholder",100,21,29,18,32,0.1,0,9,55,45,"13",34.2520000934601,2
"ef5bc64e",0,0.5,"text",623.301999807358,FALSE,16,16,"man","18-24","High school diploma or GED","Weekly","I didn't experience any bugs.",216,7,287,9,0.24736237399012,5.93523489438917,0.99736237399012,"placeholder",5000,996,1504,998,1502,0.3,0,6,75,25,"14",13.8849999904633,15
"ef5bc64e",0,0.5,"text",623.301999807358,FALSE,16,16,"man","18-24","High school diploma or GED","Weekly","I didn't experience any bugs.",194,2,318,5,0.299999869345219,15.8507071197312,0.999999869345219,"placeholder",5000,990,1510,1022,1478,0.4,0,7,70,30,"15",34.9140000343323,16
"ef5bc64e",0,0.5,"text",623.301999807358,FALSE,16,16,"man","18-24","High school diploma or GED","Weekly","I didn't experience any bugs.",7,0,9,0,0.310949581623813,-0.667528737937886,0.339050418376187,"placeholder",100,20,30,24,26,0,0,8,65,35,"16",15.5169999599457,1
"ef5bc64e",0,0.5,"text",623.301999807358,FALSE,16,16,"man","18-24","High school diploma or GED","Weekly","I didn't experience any bugs.",194,2,318,5,0.199999869345219,15.8507071197312,0.999999869345219,"placeholder",5000,990,1510,1022,1478,0.4,0,7,80,20,"practice",70.6849999427795,16
"9566ffd0",0,0.25,"text",552.305000066757,FALSE,16,16,"man","55-64","Some college, no degree","Weekly","none",185,4,296,9,0.849995945382317,12.4156501030739,0.999995945382317,"placeholder",5000,987,1513,1016,1484,0.3,0,13,15,85,"1",19.3359999656677,15
"9566ffd0",0,0.25,"text",552.305000066757,FALSE,16,16,"man","55-64","Some college, no degree","Weekly","none",249,8,318,6,0.212702600619078,0.252137736697705,0.562702600619078,"placeholder",5000,944,1556,1009,1491,0.1,0,12,35,65,"2",17.1560001373291,14
"9566ffd0",0,0.25,"text",552.305000066757,FALSE,16,16,"man","55-64","Some college, no degree","Weekly","none",24,1,34,0,0.317462218733698,-0.333199997734454,0.417462218733698,"placeholder",500,103,147,113,137,0.3,0,5,10,90,"3",30.8570001125336,7
"9566ffd0",0,0.25,"text",552.305000066757,FALSE,16,16,"man","55-64","Some college, no degree","Weekly","none",5,0,8,1,0.656614640284418,0.878998488304667,0.706614640284418,"placeholder",100,25,25,23,27,0,0,15,5,95,"4",85.0520000457764,1
"9566ffd0",0,0.25,"text",552.305000066757,FALSE,16,16,"man","55-64","Some college, no degree","Weekly","none",311,4,286,6,0.254783866105658,-3.0500310289392,0.0452161338943423,"placeholder",5000,982,1518,938,1562,0,0,11,30,70,"5",29.8470001220703,13
"9566ffd0",0,0.25,"text",552.305000066757,FALSE,16,16,"man","55-64","Some college, no degree","Weekly","none",7,0,7,0,0.261641758598205,-0.700768973342001,0.331641758598205,"placeholder",100,21,29,23,27,0.4,0,2,7,93,"6",13.489000082016,4
"9566ffd0",0,0.25,"text",552.305000066757,FALSE,16,16,"man","55-64","Some college, no degree","Weekly","none",21,0,28,0,0.345990061506658,0.781438503361272,0.685990061506658,"placeholder",500,106,144,95,155,0.4,0,6,34,66,"7",28.2649998664856,8
"9566ffd0",0,0.25,"text",552.305000066757,FALSE,16,16,"man","55-64","Some college, no degree","Weekly","none",34,2,22,2,0.757197166104194,-1.63751974495807,0.162802833895806,"placeholder",500,111,139,93,157,0.1,0,4,92,8,"8",26.8140001296997,6
"9566ffd0",0,0.25,"text",552.305000066757,FALSE,16,16,"man","55-64","Some college, no degree","Weekly","none",59,2,53,2,0.661095373541433,-2.00284416264236,0.118904626458567,"placeholder",1000,201,299,191,309,0,0,7,78,22,"9",9.67000007629395,9
"9566ffd0",0,0.25,"text",552.305000066757,FALSE,16,16,"man","55-64","Some college, no degree","Weekly","none",31,0,35,0,0.197413096774978,-2.28245010262975,0.0925869032250215,"placeholder",500,94,156,113,137,0,0,3,29,71,"10",10.4809999465942,5
"9566ffd0",0,0.25,"text",552.305000066757,FALSE,16,16,"man","55-64","Some college, no degree","Weekly","none",57,0,64,2,0.395253498929737,-1.07345549027167,0.254746501070263,"placeholder",1000,195,305,204,296,0.1,0,8,65,35,"11",14.5519998073578,10
"9566ffd0",0,0.25,"text",552.305000066757,FALSE,16,16,"man","55-64","Some college, no degree","Weekly","none",51,2,74,1,0.569120192044665,1.5794046970841,0.829120192044665,"placeholder",1000,218,282,214,286,0.3,0,9,26,74,"12",28.1339998245239,11
"9566ffd0",0,0.25,"text",552.305000066757,FALSE,16,16,"man","55-64","Some college, no degree","Weekly","none",33,0,62,2,0.23131631423066,3.96124412386473,0.98131631423066,"placeholder",1000,193,307,213,287,0.4,0,10,75,25,"13",25.5929999351501,12
"9566ffd0",0,0.25,"text",552.305000066757,FALSE,16,16,"man","55-64","Some college, no degree","Weekly","none",5,0,2,0,0.110038717433667,-1.26544076151309,0.220038717433667,"placeholder",100,18,32,26,24,0.3,0,1,11,89,"14",14.2739999294281,3
"9566ffd0",0,0.25,"text",552.305000066757,FALSE,16,16,"man","55-64","Some college, no degree","Weekly","none",1,0,7,0,0.133253334890455,2.23390719995836,0.903253334890455,"placeholder",100,21,29,26,24,0.1,0,16,77,23,"15",15.2569999694824,2
"9566ffd0",0,0.25,"text",552.305000066757,FALSE,16,16,"man","55-64","Some college, no degree","Weekly","none",179,3,306,10,0.0199999999892381,25.2549864110106,0.999999999989238,"placeholder",5000,1015,1485,987,1513,0.4,0.25,14,98,2,"16",10.0980000495911,16
"9566ffd0",0,0.25,"text",552.305000066757,FALSE,16,16,"man","55-64","Some college, no degree","Weekly","none",182,4,259,5,0.799801024311281,8.52212891245495,0.999801024311281,"placeholder",5000,1001,1499,973,1527,0.4,0,2,20,80,"practice",51.5370001792908,16
"b33ac45c",1,0.25,"icons",326.917000055313,FALSE,16,16,"38","35-44","Bachelor's degree","Monthly or less",NA,211,2,283,9,0.247921234915195,2.90151412754085,0.947921234915195,"placeholder",5000,971,1529,986,1514,0.3,0,3,70,30,"1",30.4579999446869,15
"b33ac45c",1,0.25,"icons",326.917000055313,FALSE,16,16,"38","35-44","Bachelor's degree","Monthly or less",NA,209,6,300,3,0.249994015796376,12.0263813055437,0.999994015796376,"placeholder",5000,1011,1489,951,1549,0.4,0,4,75,25,"2",22.0309998989105,16
"b33ac45c",1,0.25,"icons",326.917000055313,FALSE,16,16,"38","35-44","Bachelor's degree","Monthly or less",NA,4,0,5,0,0.00884766601155296,0.368731108593444,0.591152333988447,"placeholder",100,22,28,16,34,0.4,0.25,8,60,40,"3",15.5629999637604,4
"b33ac45c",1,0.25,"icons",326.917000055313,FALSE,16,16,"38","35-44","Bachelor's degree","Monthly or less",NA,4,0,4,0,0.225287389437525,-0.970842476815061,0.274712610562475,"placeholder",100,15,35,22,28,0,0,5,50,50,"4",7.39100003242493,1
"b33ac45c",1,0.25,"icons",326.917000055313,FALSE,16,16,"38","35-44","Bachelor's degree","Monthly or less",NA,25,2,24,1,0.144349453999578,-0.594292572971085,0.355650546000422,"placeholder",500,104,146,88,162,0.1,0,10,50,50,"5",12.7479999065399,6
"b33ac45c",1,0.25,"icons",326.917000055313,FALSE,16,16,"38","35-44","Bachelor's degree","Monthly or less",NA,19,0,35,0,0.108166642893495,1.1979878673049,0.768166642893495,"placeholder",500,102,148,110,140,0.3,0,11,66,34,"6",19.3700001239777,7
"b33ac45c",1,0.25,"icons",326.917000055313,FALSE,16,16,"38","35-44","Bachelor's degree","Monthly or less",NA,26,1,67,5,0.199973614412881,10.5426662534218,0.999973614412881,"placeholder",1000,182,318,204,296,0.4,0,16,80,20,"7",7.69099998474121,12
"b33ac45c",1,0.25,"icons",326.917000055313,FALSE,16,16,"38","35-44","Bachelor's degree","Monthly or less",NA,34,1,26,0,0.127248858590472,-1.24970538990399,0.222751141409528,"placeholder",500,110,140,89,161,0,0,9,35,65,"8",18.2549998760223,5
"b33ac45c",1,0.25,"icons",326.917000055313,FALSE,16,16,"38","35-44","Bachelor's degree","Monthly or less",NA,299,7,323,5,0.649885954583881,-9.07879974997877,0.000114045416118712,"placeholder",5000,1034,1466,1043,1457,0.1,0,2,65,35,"9",13.9760000705719,14
"b33ac45c",1,0.25,"icons",326.917000055313,FALSE,16,16,"38","35-44","Bachelor's degree","Monthly or less",NA,19,0,29,2,0.544761731542684,2.83927677753118,0.944761731542684,"placeholder",500,110,140,96,154,0.4,0,12,40,60,"10",10.7420001029968,8
"b33ac45c",1,0.25,"icons",326.917000055313,FALSE,16,16,"38","35-44","Bachelor's degree","Monthly or less",NA,6,0,6,0,0.170570089124622,-0.710764612147138,0.329429910875378,"placeholder",100,18,32,20,30,0.1,0,6,50,50,"11",8.80599999427795,2
"b33ac45c",1,0.25,"icons",326.917000055313,FALSE,16,16,"38","35-44","Bachelor's degree","Monthly or less",NA,59,4,71,3,0.273998572239843,-0.72632623158205,0.326001427760157,"placeholder",1000,198,302,194,306,0,0,13,60,40,"12",7.52100014686584,9
"b33ac45c",1,0.25,"icons",326.917000055313,FALSE,16,16,"38","35-44","Bachelor's degree","Monthly or less",NA,39,2,76,0,0.244298639317072,5.16133274084632,0.994298639317072,"placeholder",1000,196,304,216,284,0.3,0,15,75,25,"13",9.84500002861023,11
"b33ac45c",1,0.25,"icons",326.917000055313,FALSE,16,16,"38","35-44","Bachelor's degree","Monthly or less",NA,47,1,57,1,0.0592829056436081,0.66010024011652,0.659282905643608,"placeholder",1000,207,293,202,298,0.1,0,14,60,40,"14",6.9980001449585,10
"b33ac45c",1,0.25,"icons",326.917000055313,FALSE,16,16,"38","35-44","Bachelor's degree","Monthly or less",NA,2,0,4,0,0.17503374774183,-0.0601531225689236,0.48496625225817,"placeholder",100,11,39,21,29,0.3,0,7,66,34,"15",28.6510000228882,3
"b33ac45c",1,0.25,"icons",326.917000055313,FALSE,16,16,"38","35-44","Bachelor's degree","Monthly or less",NA,320,9,277,3,0.499999978339196,-17.6477614619876,2.16608038548841e-08,"placeholder",5000,1014,1486,987,1513,0,0,1,50,50,"16",11.5239999294281,13
"b33ac45c",1,0.25,"icons",326.917000055313,FALSE,16,16,"38","35-44","Bachelor's degree","Monthly or less",NA,190,7,304,7,0.149999954222926,16.8994823812072,0.999999954222926,"placeholder",5000,984,1516,980,1520,0.4,0,8,85,15,"practice",52.6349999904633,16
